Tiempo de ejecucion(s):2494.7800389 = 41,53 min
" numRowsToKeep: Int = 1200;     val m = 100 Número de iteraciones I = 500"

Resultados para 00:00
Potencia real: 31.033 - Potencia predicha: 29.971832210892842
Potencia real: 31.72300000000001 - Potencia predicha: 29.971832210892842
Potencia real: 31.998 - Potencia predicha: 29.971832210892842
Potencia real: 32.578 - Potencia predicha: 29.971832210892842
Potencia real: 33.22 - Potencia predicha: 29.971832210892842
Potencia real: 33.323 - Potencia predicha: 29.971832210892842
Potencia real: 27.826 - Potencia predicha: 29.971832210892842
Potencia real: 28.404 - Potencia predicha: 29.971832210892842
Potencia real: 28.91800000000001 - Potencia predicha: 29.971832210892842
Potencia real: 29.529 - Potencia predicha: 29.971832210892842
Potencia real: 30.176 - Potencia predicha: 29.971832210892842
Potencia real: 30.554 - Potencia predicha: 29.971832210892842
Potencia real: 29.244 - Potencia predicha: 29.971832210892842
Potencia real: 29.536 - Potencia predicha: 29.971832210892842
Potencia real: 30.196 - Potencia predicha: 29.971832210892842
Potencia real: 30.891 - Potencia predicha: 29.971832210892842
Potencia real: 31.231 - Potencia predicha: 29.971832210892842
Potencia real: 31.387 - Potencia predicha: 29.971832210892842
Potencia real: 30.979 - Potencia predicha: 29.971832210892842
Potencia real: 31.395 - Potencia predicha: 29.971832210892842
Potencia real: 31.837 - Potencia predicha: 29.971832210892842
Potencia real: 32.181 - Potencia predicha: 29.971832210892842
Potencia real: 32.567 - Potencia predicha: 29.971832210892842
Potencia real: 32.882 - Potencia predicha: 29.971832210892842
Potencia real: 31.248 - Potencia predicha: 29.971832210892842
Potencia real: 32.154 - Potencia predicha: 29.971832210892842
Potencia real: 32.699 - Potencia predicha: 29.971832210892842
Potencia real: 33.216 - Potencia predicha: 29.971832210892842
Potencia real: 33.471 - Potencia predicha: 29.971832210892842
Potencia real: 34.102 - Potencia predicha: 29.971832210892842
Potencia real: 31.082 - Potencia predicha: 29.971832210892842
Potencia real: 31.515 - Potencia predicha: 29.971832210892842
Potencia real: 31.826 - Potencia predicha: 29.971832210892842
Potencia real: 32.575 - Potencia predicha: 29.971832210892842
Potencia real: 32.708 - Potencia predicha: 29.971832210892842
Potencia real: 33.419000000000004 - Potencia predicha: 29.971832210892842
Potencia real: 30.451 - Potencia predicha: 29.971832210892842
Potencia real: 30.997 - Potencia predicha: 29.971832210892842
Potencia real: 31.35 - Potencia predicha: 29.971832210892842
Potencia real: 31.503 - Potencia predicha: 29.971832210892842
Potencia real: 32.021 - Potencia predicha: 29.971832210892842
Potencia real: 33.069 - Potencia predicha: 29.971832210892842
Potencia real: 26.333 - Potencia predicha: 29.971832210892842
Potencia real: 26.687 - Potencia predicha: 29.971832210892842
Potencia real: 27.139 - Potencia predicha: 29.971832210892842
Potencia real: 27.781 - Potencia predicha: 29.971832210892842
Potencia real: 28.204 - Potencia predicha: 29.971832210892842
Potencia real: 28.667 - Potencia predicha: 29.971832210892842
Potencia real: 21.217 - Potencia predicha: 29.971832210892842
Potencia real: 21.42 - Potencia predicha: 29.971832210892842
Potencia real: 21.74 - Potencia predicha: 29.971832210892842
Potencia real: 21.945 - Potencia predicha: 29.971832210892842
Potencia real: 22.091 - Potencia predicha: 29.971832210892842
Potencia real: 22.198 - Potencia predicha: 29.971832210892842
Resultados para 01:00
Potencia real: 28.68 - Potencia predicha: 27.338633855344455
Potencia real: 29.116 - Potencia predicha: 27.338633855344455
Potencia real: 29.244 - Potencia predicha: 27.338633855344455
Potencia real: 29.241 - Potencia predicha: 27.338633855344455
Potencia real: 29.823 - Potencia predicha: 27.338633855344455
Potencia real: 30.188 - Potencia predicha: 27.338633855344455
Potencia real: 25.66 - Potencia predicha: 27.338633855344455
Potencia real: 25.837 - Potencia predicha: 27.338633855344455
Potencia real: 25.937 - Potencia predicha: 27.338633855344455
Potencia real: 26.638 - Potencia predicha: 27.338633855344455
Potencia real: 27.18 - Potencia predicha: 27.338633855344455
Potencia real: 27.361 - Potencia predicha: 27.338633855344455
Potencia real: 26.525 - Potencia predicha: 27.338633855344455
Potencia real: 26.784 - Potencia predicha: 27.338633855344455
Potencia real: 26.867 - Potencia predicha: 27.338633855344455
Potencia real: 27.638 - Potencia predicha: 27.338633855344455
Potencia real: 27.95 - Potencia predicha: 27.338633855344455
Potencia real: 28.701 - Potencia predicha: 27.338633855344455
Potencia real: 28.515 - Potencia predicha: 27.338633855344455
Potencia real: 28.814 - Potencia predicha: 27.338633855344455
Potencia real: 29.446 - Potencia predicha: 27.338633855344455
Potencia real: 29.63300000000001 - Potencia predicha: 27.338633855344455
Potencia real: 30.032 - Potencia predicha: 27.338633855344455
Potencia real: 30.475 - Potencia predicha: 27.338633855344455
Potencia real: 28.996 - Potencia predicha: 27.338633855344455
Potencia real: 29.119 - Potencia predicha: 27.338633855344455
Potencia real: 29.437 - Potencia predicha: 27.338633855344455
Potencia real: 29.881 - Potencia predicha: 27.338633855344455
Potencia real: 30.416 - Potencia predicha: 27.338633855344455
Potencia real: 30.816 - Potencia predicha: 27.338633855344455
Potencia real: 28.206 - Potencia predicha: 27.338633855344455
Potencia real: 28.632 - Potencia predicha: 27.338633855344455
Potencia real: 28.949 - Potencia predicha: 27.338633855344455
Potencia real: 29.201 - Potencia predicha: 27.338633855344455
Potencia real: 29.823 - Potencia predicha: 27.338633855344455
Potencia real: 30.131 - Potencia predicha: 27.338633855344455
Potencia real: 27.9 - Potencia predicha: 27.338633855344455
Potencia real: 28.271 - Potencia predicha: 27.338633855344455
Potencia real: 28.396 - Potencia predicha: 27.338633855344455
Potencia real: 28.91800000000001 - Potencia predicha: 27.338633855344455
Potencia real: 29.144 - Potencia predicha: 27.338633855344455
Potencia real: 29.672 - Potencia predicha: 27.338633855344455
Potencia real: 24.284 - Potencia predicha: 27.338633855344455
Potencia real: 24.512 - Potencia predicha: 27.338633855344455
Potencia real: 24.825 - Potencia predicha: 27.338633855344455
Potencia real: 25.124 - Potencia predicha: 27.338633855344455
Potencia real: 25.145 - Potencia predicha: 27.338633855344455
Potencia real: 25.834 - Potencia predicha: 27.338633855344455
Potencia real: 20.536 - Potencia predicha: 27.338633855344455
Potencia real: 20.707 - Potencia predicha: 27.338633855344455
Potencia real: 20.814 - Potencia predicha: 27.338633855344455
Potencia real: 20.592 - Potencia predicha: 27.338633855344455
Potencia real: 20.901 - Potencia predicha: 27.338633855344455
Potencia real: 20.975 - Potencia predicha: 27.338633855344455
Resultados para 02:00
Potencia real: 27.13300000000001 - Potencia predicha: 25.59033232397738
Potencia real: 27.224 - Potencia predicha: 25.59033232397738
Potencia real: 27.267 - Potencia predicha: 25.59033232397738
Potencia real: 27.66 - Potencia predicha: 25.59033232397738
Potencia real: 27.86 - Potencia predicha: 25.59033232397738
Potencia real: 28.166 - Potencia predicha: 25.59033232397738
Potencia real: 24.191 - Potencia predicha: 25.59033232397738
Potencia real: 24.683000000000003 - Potencia predicha: 25.59033232397738
Potencia real: 25.42 - Potencia predicha: 25.59033232397738
Potencia real: 24.958 - Potencia predicha: 25.59033232397738
Potencia real: 25.105 - Potencia predicha: 25.59033232397738
Potencia real: 25.308000000000003 - Potencia predicha: 25.59033232397738
Potencia real: 24.518 - Potencia predicha: 25.59033232397738
Potencia real: 24.776 - Potencia predicha: 25.59033232397738
Potencia real: 24.903 - Potencia predicha: 25.59033232397738
Potencia real: 25.54 - Potencia predicha: 25.59033232397738
Potencia real: 25.857 - Potencia predicha: 25.59033232397738
Potencia real: 26.053 - Potencia predicha: 25.59033232397738
Potencia real: 26.267 - Potencia predicha: 25.59033232397738
Potencia real: 26.566 - Potencia predicha: 25.59033232397738
Potencia real: 26.843000000000004 - Potencia predicha: 25.59033232397738
Potencia real: 27.152 - Potencia predicha: 25.59033232397738
Potencia real: 27.498 - Potencia predicha: 25.59033232397738
Potencia real: 28.053 - Potencia predicha: 25.59033232397738
Potencia real: 27.058000000000003 - Potencia predicha: 25.59033232397738
Potencia real: 27.273000000000003 - Potencia predicha: 25.59033232397738
Potencia real: 27.63 - Potencia predicha: 25.59033232397738
Potencia real: 27.79300000000001 - Potencia predicha: 25.59033232397738
Potencia real: 28.214 - Potencia predicha: 25.59033232397738
Potencia real: 28.384 - Potencia predicha: 25.59033232397738
Potencia real: 26.282 - Potencia predicha: 25.59033232397738
Potencia real: 26.834 - Potencia predicha: 25.59033232397738
Potencia real: 27.106 - Potencia predicha: 25.59033232397738
Potencia real: 27.302 - Potencia predicha: 25.59033232397738
Potencia real: 27.392 - Potencia predicha: 25.59033232397738
Potencia real: 27.777 - Potencia predicha: 25.59033232397738
Potencia real: 26.472 - Potencia predicha: 25.59033232397738
Potencia real: 26.278 - Potencia predicha: 25.59033232397738
Potencia real: 26.923 - Potencia predicha: 25.59033232397738
Potencia real: 27.05 - Potencia predicha: 25.59033232397738
Potencia real: 27.165 - Potencia predicha: 25.59033232397738
Potencia real: 27.621 - Potencia predicha: 25.59033232397738
Potencia real: 22.891 - Potencia predicha: 25.59033232397738
Potencia real: 23.017 - Potencia predicha: 25.59033232397738
Potencia real: 23.25 - Potencia predicha: 25.59033232397738
Potencia real: 23.41 - Potencia predicha: 25.59033232397738
Potencia real: 23.667 - Potencia predicha: 25.59033232397738
Potencia real: 23.81900000000001 - Potencia predicha: 25.59033232397738
Potencia real: 19.911 - Potencia predicha: 25.59033232397738
Potencia real: 20.023 - Potencia predicha: 25.59033232397738
Potencia real: 20.228 - Potencia predicha: 25.59033232397738
Potencia real: 20.148 - Potencia predicha: 25.59033232397738
Potencia real: 20.323 - Potencia predicha: 25.59033232397738
Potencia real: 20.46 - Potencia predicha: 25.59033232397738
Resultados para 03:00
Potencia real: 26.333 - Potencia predicha: 24.327241469298855
Potencia real: 26.151 - Potencia predicha: 24.327241469298855
Potencia real: 26.505 - Potencia predicha: 24.327241469298855
Potencia real: 26.724 - Potencia predicha: 24.327241469298855
Potencia real: 26.81900000000001 - Potencia predicha: 24.327241469298855
Potencia real: 26.972 - Potencia predicha: 24.327241469298855
Potencia real: 23.919 - Potencia predicha: 24.327241469298855
Potencia real: 23.841 - Potencia predicha: 24.327241469298855
Potencia real: 23.863000000000003 - Potencia predicha: 24.327241469298855
Potencia real: 23.964 - Potencia predicha: 24.327241469298855
Potencia real: 24.467 - Potencia predicha: 24.327241469298855
Potencia real: 24.165 - Potencia predicha: 24.327241469298855
Potencia real: 23.397 - Potencia predicha: 24.327241469298855
Potencia real: 23.44 - Potencia predicha: 24.327241469298855
Potencia real: 23.642 - Potencia predicha: 24.327241469298855
Potencia real: 23.701 - Potencia predicha: 24.327241469298855
Potencia real: 24.048 - Potencia predicha: 24.327241469298855
Potencia real: 24.242 - Potencia predicha: 24.327241469298855
Potencia real: 24.666 - Potencia predicha: 24.327241469298855
Potencia real: 25.002 - Potencia predicha: 24.327241469298855
Potencia real: 25.257 - Potencia predicha: 24.327241469298855
Potencia real: 25.262 - Potencia predicha: 24.327241469298855
Potencia real: 25.563 - Potencia predicha: 24.327241469298855
Potencia real: 25.736 - Potencia predicha: 24.327241469298855
Potencia real: 25.995 - Potencia predicha: 24.327241469298855
Potencia real: 26.081 - Potencia predicha: 24.327241469298855
Potencia real: 26.146 - Potencia predicha: 24.327241469298855
Potencia real: 26.278 - Potencia predicha: 24.327241469298855
Potencia real: 26.428 - Potencia predicha: 24.327241469298855
Potencia real: 26.79300000000001 - Potencia predicha: 24.327241469298855
Potencia real: 25.506 - Potencia predicha: 24.327241469298855
Potencia real: 25.761 - Potencia predicha: 24.327241469298855
Potencia real: 25.821 - Potencia predicha: 24.327241469298855
Potencia real: 25.818 - Potencia predicha: 24.327241469298855
Potencia real: 26.266 - Potencia predicha: 24.327241469298855
Potencia real: 26.247 - Potencia predicha: 24.327241469298855
Potencia real: 25.236 - Potencia predicha: 24.327241469298855
Potencia real: 25.614 - Potencia predicha: 24.327241469298855
Potencia real: 25.442 - Potencia predicha: 24.327241469298826
Potencia real: 25.788 - Potencia predicha: 24.326700296716467
Potencia real: 25.971 - Potencia predicha: 24.327241469298855
Potencia real: 26.092 - Potencia predicha: 24.327241469298855
Potencia real: 22.202 - Potencia predicha: 24.327241469298855
Potencia real: 22.308000000000003 - Potencia predicha: 24.327241469298855
Potencia real: 22.292 - Potencia predicha: 24.32718404438252
Potencia real: 22.48 - Potencia predicha: 22.775975444425825
Potencia real: 22.514 - Potencia predicha: 24.327241469298855
Potencia real: 22.789 - Potencia predicha: 24.327241469298855
Potencia real: 19.104 - Potencia predicha: 24.327241469298855
Potencia real: 19.138 - Potencia predicha: 24.327241469298855
Potencia real: 19.047 - Potencia predicha: 24.327241469298855
Potencia real: 19.122 - Potencia predicha: 24.327241469298855
Potencia real: 19.302 - Potencia predicha: 24.327241469298855
Potencia real: 19.555 - Potencia predicha: 24.327241469298855
Resultados para 04:00
Potencia real: 25.852 - Potencia predicha: 23.88485297019774
Potencia real: 25.816 - Potencia predicha: 23.88485297019774
Potencia real: 25.98 - Potencia predicha: 23.88485297019774
Potencia real: 26.213 - Potencia predicha: 23.88485297019774
Potencia real: 26.231 - Potencia predicha: 23.88485297019774
Potencia real: 26.094 - Potencia predicha: 23.88485297019774
Potencia real: 23.636 - Potencia predicha: 23.321849732003713
Potencia real: 23.745 - Potencia predicha: 23.321849732003713
Potencia real: 23.247 - Potencia predicha: 23.321849732003713
Potencia real: 23.658 - Potencia predicha: 23.321849732003713
Potencia real: 23.575 - Potencia predicha: 23.321849732003713
Potencia real: 23.463 - Potencia predicha: 23.321849732003713
Potencia real: 22.275 - Potencia predicha: 23.88485297019774
Potencia real: 22.791 - Potencia predicha: 23.38685522538138
Potencia real: 22.53 - Potencia predicha: 23.88485297019774
Potencia real: 22.705 - Potencia predicha: 23.321849732003713
Potencia real: 23.183000000000003 - Potencia predicha: 23.88485297019774
Potencia real: 23.286 - Potencia predicha: 23.321849732003713
Potencia real: 23.826 - Potencia predicha: 23.88485297019774
Potencia real: 23.938 - Potencia predicha: 23.88485297019774
Potencia real: 23.904 - Potencia predicha: 23.88485297019774
Potencia real: 24.041 - Potencia predicha: 23.88485297019774
Potencia real: 23.798 - Potencia predicha: 23.88485297019774
Potencia real: 24.092 - Potencia predicha: 23.88485297019774
Potencia real: 25.327 - Potencia predicha: 23.88485297019774
Potencia real: 25.457 - Potencia predicha: 23.88485297019774
Potencia real: 25.705 - Potencia predicha: 23.88485297019774
Potencia real: 25.84 - Potencia predicha: 23.88485297019774
Potencia real: 25.917 - Potencia predicha: 23.88485297019774
Potencia real: 25.627 - Potencia predicha: 23.88485297019774
Potencia real: 24.961 - Potencia predicha: 23.88485297019774
Potencia real: 25.022 - Potencia predicha: 23.88485297019774
Potencia real: 24.958 - Potencia predicha: 23.88485297019774
Potencia real: 25.212 - Potencia predicha: 23.321849732003713
Potencia real: 25.39 - Potencia predicha: 23.88485297019774
Potencia real: 25.367 - Potencia predicha: 23.361599439632855
Potencia real: 24.616 - Potencia predicha: 23.88485297019774
Potencia real: 24.798 - Potencia predicha: 23.88485297019774
Potencia real: 24.853 - Potencia predicha: 23.88485297019774
Potencia real: 24.858 - Potencia predicha: 23.88485297019774
Potencia real: 25.184 - Potencia predicha: 23.88485297019774
Potencia real: 25.278 - Potencia predicha: 23.88485297019774
Potencia real: 21.656 - Potencia predicha: 23.88485297019774
Potencia real: 21.921 - Potencia predicha: 23.88485297019774
Potencia real: 21.877 - Potencia predicha: 23.88485297019774
Potencia real: 21.877 - Potencia predicha: 23.88485297019774
Potencia real: 22.166 - Potencia predicha: 23.88485297019774
Potencia real: 22.176 - Potencia predicha: 23.88485297019774
Potencia real: 18.184 - Potencia predicha: 23.321849732003713
Potencia real: 18.348 - Potencia predicha: 23.321849732003713
Potencia real: 18.608 - Potencia predicha: 23.321849732003713
Potencia real: 18.986 - Potencia predicha: 23.321849732003713
Potencia real: 19.095 - Potencia predicha: 23.321849732003713
Potencia real: 19.113 - Potencia predicha: 23.321849732003713
Resultados para 05:00
Potencia real: 26.033 - Potencia predicha: 23.88485297019774
Potencia real: 26.044 - Potencia predicha: 23.88485297019774
Potencia real: 25.816 - Potencia predicha: 23.88485297019774
Potencia real: 25.798 - Potencia predicha: 23.88485297019774
Potencia real: 25.83 - Potencia predicha: 23.88485297019774
Potencia real: 25.943 - Potencia predicha: 23.88485297019774
Potencia real: 23.951 - Potencia predicha: 23.321849732003713
Potencia real: 23.921 - Potencia predicha: 23.321849732003713
Potencia real: 23.606 - Potencia predicha: 23.321849732003713
Potencia real: 23.638 - Potencia predicha: 23.321849732003713
Potencia real: 23.634 - Potencia predicha: 23.321849732003713
Potencia real: 23.502 - Potencia predicha: 23.321849732003713
Potencia real: 22.082 - Potencia predicha: 23.88485297019774
Potencia real: 22.038 - Potencia predicha: 23.322679161696314
Potencia real: 22.188 - Potencia predicha: 23.88485297019774
Potencia real: 22.332 - Potencia predicha: 23.321849732003713
Potencia real: 22.211 - Potencia predicha: 23.88485297019757
Potencia real: 22.659 - Potencia predicha: 23.321849732003713
Potencia real: 23.075 - Potencia predicha: 23.88485297019774
Potencia real: 23.307 - Potencia predicha: 23.88485297019774
Potencia real: 22.999 - Potencia predicha: 23.88485297019774
Potencia real: 23.312 - Potencia predicha: 23.88485297019774
Potencia real: 23.226 - Potencia predicha: 23.88485297019774
Potencia real: 23.188 - Potencia predicha: 23.88485297019774
Potencia real: 25.401 - Potencia predicha: 23.88485297019774
Potencia real: 25.512 - Potencia predicha: 23.88485297019774
Potencia real: 25.472 - Potencia predicha: 23.88485297019774
Potencia real: 25.353 - Potencia predicha: 23.88485297019774
Potencia real: 25.409 - Potencia predicha: 23.88485297019774
Potencia real: 25.456 - Potencia predicha: 23.88485297019774
Potencia real: 25.21 - Potencia predicha: 23.88485297019774
Potencia real: 25.282 - Potencia predicha: 23.88485297019774
Potencia real: 24.981 - Potencia predicha: 23.88485297019774
Potencia real: 25.233 - Potencia predicha: 23.321849732003713
Potencia real: 25.381 - Potencia predicha: 23.88485297019774
Potencia real: 24.912 - Potencia predicha: 23.403684912558433
Potencia real: 24.943 - Potencia predicha: 23.88485297019774
Potencia real: 25.129 - Potencia predicha: 23.88485297019774
Potencia real: 24.931 - Potencia predicha: 23.88485297019774
Potencia real: 25.021 - Potencia predicha: 23.88485297019774
Potencia real: 24.852 - Potencia predicha: 23.88485297019774
Potencia real: 24.669 - Potencia predicha: 23.88485297019774
Potencia real: 22.477 - Potencia predicha: 23.88485297019774
Potencia real: 22.283 - Potencia predicha: 23.88485297019774
Potencia real: 22.14 - Potencia predicha: 23.88485297019774
Potencia real: 21.982 - Potencia predicha: 23.88485297019774
Potencia real: 22.094 - Potencia predicha: 23.88485297019774
Potencia real: 21.931 - Potencia predicha: 23.88485297019774
Potencia real: 19.176 - Potencia predicha: 23.321849732003713
Potencia real: 18.902 - Potencia predicha: 23.321849732003713
Potencia real: 18.677 - Potencia predicha: 23.321849732003713
Potencia real: 18.506 - Potencia predicha: 23.321849732003713
Potencia real: 18.369 - Potencia predicha: 23.321849732003713
Potencia real: 18.17 - Potencia predicha: 23.321849732003713
Resultados para 06:00
Potencia real: 29.107 - Potencia predicha: 23.88485297019774
Potencia real: 28.719 - Potencia predicha: 23.88485297019774
Potencia real: 28.264 - Potencia predicha: 23.88485297019774
Potencia real: 27.722 - Potencia predicha: 23.88485297019774
Potencia real: 27.447 - Potencia predicha: 23.88485297019774
Potencia real: 26.459 - Potencia predicha: 23.88485297019774
Potencia real: 27.515 - Potencia predicha: 23.321849732003713
Potencia real: 26.923 - Potencia predicha: 23.321849732003713
Potencia real: 26.391 - Potencia predicha: 23.321849732003713
Potencia real: 26.214 - Potencia predicha: 23.321849732003713
Potencia real: 25.514 - Potencia predicha: 23.321849732003713
Potencia real: 24.321 - Potencia predicha: 23.321849732003713
Potencia real: 21.952 - Potencia predicha: 23.88485297019774
Potencia real: 21.827 - Potencia predicha: 23.321928315155375
Potencia real: 22.154 - Potencia predicha: 23.88485297019774
Potencia real: 22.232 - Potencia predicha: 23.321849732003713
Potencia real: 21.757 - Potencia predicha: 23.88485297019581
Potencia real: 21.654 - Potencia predicha: 23.321849732003713
Potencia real: 22.532 - Potencia predicha: 23.88485297019774
Potencia real: 22.841 - Potencia predicha: 23.88485297019774
Potencia real: 22.807 - Potencia predicha: 23.88485297019774
Potencia real: 23.025 - Potencia predicha: 23.88485297019774
Potencia real: 22.845 - Potencia predicha: 23.88485297019774
Potencia real: 22.537 - Potencia predicha: 23.88485297019774
Potencia real: 27.299 - Potencia predicha: 23.88485297019774
Potencia real: 27.243 - Potencia predicha: 23.88485297019774
Potencia real: 26.759 - Potencia predicha: 23.88485297019774
Potencia real: 26.729 - Potencia predicha: 23.88485297019774
Potencia real: 26.281 - Potencia predicha: 23.88485297019774
Potencia real: 25.34 - Potencia predicha: 23.88485297019774
Potencia real: 27.564 - Potencia predicha: 23.88485297019774
Potencia real: 27.212 - Potencia predicha: 23.88485297019774
Potencia real: 26.906 - Potencia predicha: 23.88485297019774
Potencia real: 26.47 - Potencia predicha: 23.321849732003713
Potencia real: 26.094 - Potencia predicha: 23.88485297019774
Potencia real: 25.381 - Potencia predicha: 23.88484098582488
Potencia real: 27.395 - Potencia predicha: 23.88485297019774
Potencia real: 27.038 - Potencia predicha: 23.88485297019774
Potencia real: 26.901 - Potencia predicha: 23.88485297019774
Potencia real: 26.516 - Potencia predicha: 23.88485297019774
Potencia real: 25.69 - Potencia predicha: 23.88485297019774
Potencia real: 25.341 - Potencia predicha: 23.88485297019774
Potencia real: 25.756 - Potencia predicha: 23.88485297019774
Potencia real: 25.374 - Potencia predicha: 23.88485297019774
Potencia real: 24.872 - Potencia predicha: 23.88485297019774
Potencia real: 24.426 - Potencia predicha: 23.88485297019774
Potencia real: 24.04300000000001 - Potencia predicha: 23.88485297019774
Potencia real: 23.0 - Potencia predicha: 23.88485297019774
Potencia real: 20.756 - Potencia predicha: 23.321849732003713
Potencia real: 20.456 - Potencia predicha: 23.321849732003713
Potencia real: 20.227 - Potencia predicha: 23.321849732003713
Potencia real: 19.964 - Potencia predicha: 23.321849732003713
Potencia real: 19.766 - Potencia predicha: 23.321849732003713
Potencia real: 19.388 - Potencia predicha: 23.321849732003713
Resultados para 07:00
Potencia real: 33.704 - Potencia predicha: 23.88485297019774
Potencia real: 32.972 - Potencia predicha: 23.88485297019774
Potencia real: 32.123000000000005 - Potencia predicha: 23.88485297019774
Potencia real: 31.246 - Potencia predicha: 23.88485297019774
Potencia real: 30.57800000000001 - Potencia predicha: 23.88485297019774
Potencia real: 29.481 - Potencia predicha: 23.88485297019774
Potencia real: 32.434 - Potencia predicha: 23.321849732003713
Potencia real: 31.718000000000004 - Potencia predicha: 23.321849732003713
Potencia real: 30.782 - Potencia predicha: 23.321849732003713
Potencia real: 30.243 - Potencia predicha: 23.321849732003713
Potencia real: 29.4 - Potencia predicha: 23.321849732003713
Potencia real: 28.148000000000003 - Potencia predicha: 23.321849732003713
Potencia real: 21.938 - Potencia predicha: 23.88485297019774
Potencia real: 21.731 - Potencia predicha: 23.321860176365973
Potencia real: 21.672 - Potencia predicha: 23.88485297019774
Potencia real: 21.407 - Potencia predicha: 23.321849732003713
Potencia real: 21.423 - Potencia predicha: 23.884852970183474
Potencia real: 21.65 - Potencia predicha: 23.321849732003713
Potencia real: 22.435 - Potencia predicha: 23.88485297019774
Potencia real: 22.333 - Potencia predicha: 23.88485297019774
Potencia real: 22.185 - Potencia predicha: 23.88485297019774
Potencia real: 22.329 - Potencia predicha: 23.88485297019774
Potencia real: 22.402 - Potencia predicha: 23.88485297019774
Potencia real: 22.165 - Potencia predicha: 23.88485297019774
Potencia real: 30.66 - Potencia predicha: 23.88485297019774
Potencia real: 29.971 - Potencia predicha: 23.88485297019774
Potencia real: 29.698 - Potencia predicha: 23.88485297019774
Potencia real: 29.43 - Potencia predicha: 23.88485297019774
Potencia real: 29.013 - Potencia predicha: 23.88485297019774
Potencia real: 28.234 - Potencia predicha: 23.88485297019774
Potencia real: 30.89 - Potencia predicha: 23.88485297019774
Potencia real: 30.351 - Potencia predicha: 23.88485297019774
Potencia real: 29.846 - Potencia predicha: 23.88485297019774
Potencia real: 29.104 - Potencia predicha: 23.321849735307453
Potencia real: 28.488000000000003 - Potencia predicha: 23.88485297019774
Potencia real: 28.025 - Potencia predicha: 23.884852970197514
Potencia real: 30.397 - Potencia predicha: 23.88485297019774
Potencia real: 30.105 - Potencia predicha: 23.88485297019774
Potencia real: 29.147 - Potencia predicha: 23.88485297019774
Potencia real: 28.947 - Potencia predicha: 23.88485297019774
Potencia real: 28.636 - Potencia predicha: 23.88485297019774
Potencia real: 27.826 - Potencia predicha: 23.88485297019774
Potencia real: 29.191 - Potencia predicha: 23.88485297019774
Potencia real: 28.49 - Potencia predicha: 23.88485297019774
Potencia real: 27.902 - Potencia predicha: 23.88485297019774
Potencia real: 27.518 - Potencia predicha: 23.88485297019774
Potencia real: 27.177 - Potencia predicha: 23.88485297019774
Potencia real: 26.26 - Potencia predicha: 23.88485297019774
Potencia real: 21.843000000000004 - Potencia predicha: 23.321849732003713
Potencia real: 21.634 - Potencia predicha: 23.321849732003713
Potencia real: 21.41 - Potencia predicha: 23.321849732003713
Potencia real: 21.177 - Potencia predicha: 23.321849732003713
Potencia real: 21.251 - Potencia predicha: 23.321849732003713
Potencia real: 21.105 - Potencia predicha: 23.321849732003713
Resultados para 08:00
Potencia real: 36.242 - Potencia predicha: 23.32184973322329
Potencia real: 36.288 - Potencia predicha: 23.321849732003713
Potencia real: 35.649 - Potencia predicha: 23.321849732003713
Potencia real: 36.226 - Potencia predicha: 23.321849732003713
Potencia real: 35.406 - Potencia predicha: 23.321849732003713
Potencia real: 33.992 - Potencia predicha: 23.321849732003713
Potencia real: 22.176 - Potencia predicha: 23.88485297019774
Potencia real: 22.009 - Potencia predicha: 23.32196009783489
Potencia real: 21.782 - Potencia predicha: 23.88485297019774
Potencia real: 21.909 - Potencia predicha: 23.321849732003713
Potencia real: 22.051 - Potencia predicha: 23.884852970196377
Potencia real: 21.766 - Potencia predicha: 23.321849732003713
Potencia real: 22.564 - Potencia predicha: 23.88485297019774
Potencia real: 22.50800000000001 - Potencia predicha: 23.88485297019774
Potencia real: 22.564 - Potencia predicha: 23.88485297019774
Potencia real: 22.636 - Potencia predicha: 23.88485297019774
Potencia real: 22.674 - Potencia predicha: 23.88485297019774
Potencia real: 22.104 - Potencia predicha: 23.88485297019774
Potencia real: 33.708 - Potencia predicha: 23.88485297019774
Potencia real: 33.625 - Potencia predicha: 23.88485297019774
Potencia real: 33.306999999999995 - Potencia predicha: 23.88485297019774
Potencia real: 33.378 - Potencia predicha: 23.88485297019774
Potencia real: 32.519 - Potencia predicha: 23.88485297019774
Potencia real: 31.033 - Potencia predicha: 23.88485297019774
Potencia real: 33.939 - Potencia predicha: 23.88485297019774
Potencia real: 33.998000000000005 - Potencia predicha: 23.88485297019774
Potencia real: 33.584 - Potencia predicha: 23.88485297019774
Potencia real: 33.528 - Potencia predicha: 23.884814879891437
Potencia real: 33.058 - Potencia predicha: 23.88485297019774
Potencia real: 31.041 - Potencia predicha: 23.88485297019774
Potencia real: 33.628 - Potencia predicha: 23.88485297019774
Potencia real: 33.463 - Potencia predicha: 23.88485297019774
Potencia real: 33.069 - Potencia predicha: 23.88485297019774
Potencia real: 32.934 - Potencia predicha: 23.88485297019774
Potencia real: 32.416 - Potencia predicha: 23.88485297019774
Potencia real: 30.961 - Potencia predicha: 23.88485297019774
Potencia real: 32.221 - Potencia predicha: 23.88485297019774
Potencia real: 31.66 - Potencia predicha: 23.88485297019774
Potencia real: 31.469 - Potencia predicha: 23.88485297019774
Potencia real: 31.593000000000004 - Potencia predicha: 23.88485297019774
Potencia real: 31.027 - Potencia predicha: 23.88485297019774
Potencia real: 29.358 - Potencia predicha: 23.88485297019774
Potencia real: 22.843000000000004 - Potencia predicha: 23.321849732003713
Potencia real: 22.592 - Potencia predicha: 23.321849732003713
Potencia real: 22.517 - Potencia predicha: 23.321849732003713
Potencia real: 22.407 - Potencia predicha: 23.321849732003713
Potencia real: 22.228 - Potencia predicha: 23.321849732003713
Potencia real: 21.984 - Potencia predicha: 23.321849732003713
Resultados para 09:00
Potencia real: 37.382 - Potencia predicha: 23.321851097052658
Potencia real: 37.463 - Potencia predicha: 23.321849732003713
Potencia real: 36.677 - Potencia predicha: 23.321849732003713
Potencia real: 36.688 - Potencia predicha: 23.321849732003713
Potencia real: 36.34 - Potencia predicha: 23.321849732003713
Potencia real: 35.894 - Potencia predicha: 23.321849732003713
Potencia real: 23.897 - Potencia predicha: 23.88485297019774
Potencia real: 23.979 - Potencia predicha: 23.77296075086501
Potencia real: 23.366 - Potencia predicha: 23.88485297019774
Potencia real: 23.234 - Potencia predicha: 23.321849732003713
Potencia real: 22.66 - Potencia predicha: 23.88485297019774
Potencia real: 22.146 - Potencia predicha: 23.321849732003713
Potencia real: 24.46 - Potencia predicha: 23.88485297019774
Potencia real: 24.435 - Potencia predicha: 23.88485297019774
Potencia real: 24.099 - Potencia predicha: 23.88485297019774
Potencia real: 23.509 - Potencia predicha: 23.88485297019774
Potencia real: 23.281 - Potencia predicha: 23.88485297019774
Potencia real: 22.475 - Potencia predicha: 23.88485297019774
Potencia real: 35.431 - Potencia predicha: 23.88485297019774
Potencia real: 35.297 - Potencia predicha: 23.88485297019774
Potencia real: 35.053000000000004 - Potencia predicha: 23.88485297019774
Potencia real: 34.775 - Potencia predicha: 23.88485297019774
Potencia real: 34.311 - Potencia predicha: 23.88485297019774
Potencia real: 33.539 - Potencia predicha: 23.88485297019774
Potencia real: 36.196 - Potencia predicha: 23.88485297019774
Potencia real: 36.213 - Potencia predicha: 23.88485297019774
Potencia real: 35.464 - Potencia predicha: 23.88485297019774
Potencia real: 35.3 - Potencia predicha: 23.884852970028177
Potencia real: 34.841 - Potencia predicha: 23.88485297019774
Potencia real: 34.105 - Potencia predicha: 23.88485297019774
Potencia real: 35.679 - Potencia predicha: 23.88485297019774
Potencia real: 35.585 - Potencia predicha: 23.88485297019774
Potencia real: 34.8 - Potencia predicha: 23.88485297019774
Potencia real: 34.907 - Potencia predicha: 23.88485297019774
Potencia real: 34.433 - Potencia predicha: 23.88485297019774
Potencia real: 33.869 - Potencia predicha: 23.88485297019774
Potencia real: 34.746 - Potencia predicha: 23.88485297019774
Potencia real: 34.032 - Potencia predicha: 23.88485297019774
Potencia real: 33.699 - Potencia predicha: 23.88485297019774
Potencia real: 33.357 - Potencia predicha: 23.88485297019774
Potencia real: 33.081 - Potencia predicha: 23.88485297019774
Potencia real: 32.357 - Potencia predicha: 23.88485297019774
Potencia real: 23.622 - Potencia predicha: 23.321849732003713
Potencia real: 23.51 - Potencia predicha: 23.321849732003713
Potencia real: 23.376 - Potencia predicha: 23.321849732003713
Potencia real: 23.24 - Potencia predicha: 23.321849732003713
Potencia real: 23.108 - Potencia predicha: 23.321849732003713
Potencia real: 23.049 - Potencia predicha: 23.321849732003713
Resultados para 10:00
Potencia real: 38.444 - Potencia predicha: 23.35143429006881
Potencia real: 38.515 - Potencia predicha: 23.321849732003713
Potencia real: 38.095 - Potencia predicha: 23.321849732003827
Potencia real: 38.26 - Potencia predicha: 23.321849732003713
Potencia real: 37.92 - Potencia predicha: 23.321849732003713
Potencia real: 38.027 - Potencia predicha: 23.321849732003713
Potencia real: 26.177 - Potencia predicha: 23.88485297019774
Potencia real: 25.826 - Potencia predicha: 23.884852966730236
Potencia real: 25.516 - Potencia predicha: 23.88485297019774
Potencia real: 25.46 - Potencia predicha: 23.321849732003713
Potencia real: 25.036 - Potencia predicha: 23.88485297019774
Potencia real: 24.407 - Potencia predicha: 23.321849732003713
Potencia real: 26.448 - Potencia predicha: 23.88485297019774
Potencia real: 26.06900000000001 - Potencia predicha: 23.88485297019774
Potencia real: 26.03 - Potencia predicha: 23.88485297019774
Potencia real: 26.85 - Potencia predicha: 23.88485297019774
Potencia real: 25.244 - Potencia predicha: 23.88485297019774
Potencia real: 25.257 - Potencia predicha: 23.88485297019774
Potencia real: 36.507 - Potencia predicha: 23.88485297019774
Potencia real: 36.87 - Potencia predicha: 23.88485297019774
Potencia real: 36.369 - Potencia predicha: 23.88485297019774
Potencia real: 36.376 - Potencia predicha: 23.88485297019774
Potencia real: 36.094 - Potencia predicha: 23.88485297019774
Potencia real: 35.466 - Potencia predicha: 23.88485297019774
Potencia real: 37.448 - Potencia predicha: 23.88485297019774
Potencia real: 37.246 - Potencia predicha: 23.88485297019774
Potencia real: 37.252 - Potencia predicha: 23.88485297019774
Potencia real: 37.044 - Potencia predicha: 23.88485297019774
Potencia real: 36.635 - Potencia predicha: 23.88485297019774
Potencia real: 36.28 - Potencia predicha: 23.88485297019774
Potencia real: 36.931 - Potencia predicha: 23.88485297019774
Potencia real: 37.103 - Potencia predicha: 23.88485297019774
Potencia real: 36.744 - Potencia predicha: 23.88485297019774
Potencia real: 36.63 - Potencia predicha: 23.88485297019774
Potencia real: 36.338 - Potencia predicha: 23.88485297019774
Potencia real: 36.139 - Potencia predicha: 23.88485297019774
Potencia real: 36.191 - Potencia predicha: 23.88485297019774
Potencia real: 35.586 - Potencia predicha: 23.88485297019774
Potencia real: 35.654 - Potencia predicha: 23.88485297019774
Potencia real: 35.516 - Potencia predicha: 23.88485297019774
Potencia real: 35.447 - Potencia predicha: 23.88485297019774
Potencia real: 34.958 - Potencia predicha: 23.88485297019774
Potencia real: 23.18 - Potencia predicha: 23.321849732003713
Potencia real: 23.447 - Potencia predicha: 23.321849732003713
Potencia real: 23.722 - Potencia predicha: 23.321849732003713
Potencia real: 23.734 - Potencia predicha: 23.321849732003713
Potencia real: 23.813 - Potencia predicha: 23.321849732003713
Potencia real: 23.69400000000001 - Potencia predicha: 23.321849732003713
Resultados para 11:00
Potencia real: 38.689 - Potencia predicha: 23.329918329538245
Potencia real: 38.539 - Potencia predicha: 23.321849732003713
Potencia real: 38.634 - Potencia predicha: 23.32184973200377
Potencia real: 38.458 - Potencia predicha: 23.321849732003713
Potencia real: 38.476 - Potencia predicha: 23.321849732003713
Potencia real: 38.55 - Potencia predicha: 23.321849732003713
Potencia real: 27.22300000000001 - Potencia predicha: 23.88485297019774
Potencia real: 27.14 - Potencia predicha: 23.88485297019757
Potencia real: 26.992 - Potencia predicha: 23.88485297019774
Potencia real: 27.026 - Potencia predicha: 23.321849732003713
Potencia real: 27.026 - Potencia predicha: 23.88485297019774
Potencia real: 26.39 - Potencia predicha: 23.321849732003713
Potencia real: 27.393 - Potencia predicha: 23.88485297019774
Potencia real: 27.401 - Potencia predicha: 23.88485297019774
Potencia real: 27.059 - Potencia predicha: 23.88485297019774
Potencia real: 27.104 - Potencia predicha: 23.88485297019774
Potencia real: 27.011 - Potencia predicha: 23.88485297019774
Potencia real: 26.619 - Potencia predicha: 23.88485297019774
Potencia real: 36.125 - Potencia predicha: 23.88485297019774
Potencia real: 36.291 - Potencia predicha: 23.88485297019774
Potencia real: 36.655 - Potencia predicha: 23.88485297019774
Potencia real: 36.668 - Potencia predicha: 23.88485297019774
Potencia real: 36.889 - Potencia predicha: 23.88485297019774
Potencia real: 36.399 - Potencia predicha: 23.88485297019774
Potencia real: 37.429 - Potencia predicha: 23.88485297019774
Potencia real: 37.325 - Potencia predicha: 23.88485297019774
Potencia real: 37.342 - Potencia predicha: 23.88485297019774
Potencia real: 37.49 - Potencia predicha: 23.88485297019774
Potencia real: 37.602 - Potencia predicha: 23.88485297019774
Potencia real: 37.452 - Potencia predicha: 23.88485297019774
Potencia real: 36.816 - Potencia predicha: 23.88485297019774
Potencia real: 36.665 - Potencia predicha: 23.88485297019774
Potencia real: 36.922 - Potencia predicha: 23.88485297019774
Potencia real: 36.992 - Potencia predicha: 23.88485297019774
Potencia real: 36.989 - Potencia predicha: 23.88485297019774
Potencia real: 37.156 - Potencia predicha: 23.88485297019774
Potencia real: 36.063 - Potencia predicha: 23.88485297019774
Potencia real: 36.287 - Potencia predicha: 23.88485297019774
Potencia real: 35.963 - Potencia predicha: 23.88485297019774
Potencia real: 36.042 - Potencia predicha: 23.88485297019774
Potencia real: 36.005 - Potencia predicha: 23.88485297019774
Potencia real: 35.74 - Potencia predicha: 23.88485297019774
Potencia real: 22.232 - Potencia predicha: 23.321849732003713
Potencia real: 22.366 - Potencia predicha: 23.321849732003713
Potencia real: 22.416 - Potencia predicha: 23.321849732003713
Potencia real: 22.575 - Potencia predicha: 23.321849732003713
Potencia real: 22.81900000000001 - Potencia predicha: 23.321849732003713
Potencia real: 22.997 - Potencia predicha: 23.321849732003713
Resultados para 12:00
Potencia real: 38.03 - Potencia predicha: 23.323123262291162
Potencia real: 38.094 - Potencia predicha: 23.321849732003713
Potencia real: 38.014 - Potencia predicha: 23.321849732003713
Potencia real: 37.935 - Potencia predicha: 23.321849732003713
Potencia real: 38.174 - Potencia predicha: 23.321849732003713
Potencia real: 38.15 - Potencia predicha: 23.321849732003713
Potencia real: 27.68 - Potencia predicha: 23.88485297019774
Potencia real: 27.399 - Potencia predicha: 23.884852970197514
Potencia real: 27.196 - Potencia predicha: 23.88485297019774
Potencia real: 27.244 - Potencia predicha: 23.321849732003713
Potencia real: 27.498 - Potencia predicha: 23.88485297019774
Potencia real: 27.212 - Potencia predicha: 23.321849732003713
Potencia real: 27.457 - Potencia predicha: 23.88485297019774
Potencia real: 27.351 - Potencia predicha: 23.88485297019774
Potencia real: 27.148000000000003 - Potencia predicha: 23.88485297019774
Potencia real: 27.152 - Potencia predicha: 23.88485297019774
Potencia real: 27.086 - Potencia predicha: 23.88485297019774
Potencia real: 27.267 - Potencia predicha: 23.88485297019774
Potencia real: 35.412 - Potencia predicha: 23.88485297019774
Potencia real: 35.652 - Potencia predicha: 23.88485297019774
Potencia real: 35.757 - Potencia predicha: 23.88485297019774
Potencia real: 35.758 - Potencia predicha: 23.88485297019774
Potencia real: 35.916 - Potencia predicha: 23.88485297019774
Potencia real: 35.934 - Potencia predicha: 23.88485297019774
Potencia real: 36.776 - Potencia predicha: 23.88485297019774
Potencia real: 36.927 - Potencia predicha: 23.88485297019774
Potencia real: 36.862 - Potencia predicha: 23.88485297019774
Potencia real: 36.961 - Potencia predicha: 23.884852970197628
Potencia real: 37.178 - Potencia predicha: 23.88485297019774
Potencia real: 37.327 - Potencia predicha: 23.88485297019774
Potencia real: 36.52 - Potencia predicha: 23.88485297019774
Potencia real: 36.469 - Potencia predicha: 23.88485297019774
Potencia real: 36.506 - Potencia predicha: 23.88485297019774
Potencia real: 36.556 - Potencia predicha: 23.88485297019774
Potencia real: 36.456 - Potencia predicha: 23.88485297019774
Potencia real: 36.637 - Potencia predicha: 23.88485297019774
Potencia real: 35.896 - Potencia predicha: 23.88485297019774
Potencia real: 35.988 - Potencia predicha: 23.88485297019774
Potencia real: 35.91900000000001 - Potencia predicha: 23.88485297019774
Potencia real: 35.793 - Potencia predicha: 23.88485297019774
Potencia real: 35.941 - Potencia predicha: 23.88485297019774
Potencia real: 35.805 - Potencia predicha: 23.88485297019774
Potencia real: 22.34 - Potencia predicha: 23.321849732003713
Potencia real: 22.217 - Potencia predicha: 23.321849732003713
Potencia real: 22.303 - Potencia predicha: 23.321849732003713
Potencia real: 22.271 - Potencia predicha: 23.321849732003713
Potencia real: 22.291 - Potencia predicha: 23.321849732003713
Potencia real: 22.434 - Potencia predicha: 23.321849732003713
Resultados para 13:00
Potencia real: 36.31 - Potencia predicha: 23.321850140852902
Potencia real: 36.785 - Potencia predicha: 23.321849732003713
Potencia real: 37.419 - Potencia predicha: 23.321849732003713
Potencia real: 37.468 - Potencia predicha: 23.321849732003713
Potencia real: 37.605 - Potencia predicha: 23.321849732003713
Potencia real: 37.822 - Potencia predicha: 23.321849732003713
Potencia real: 27.945 - Potencia predicha: 23.88485297019774
Potencia real: 27.996 - Potencia predicha: 23.88485297019774
Potencia real: 27.934 - Potencia predicha: 23.88485297019774
Potencia real: 27.847 - Potencia predicha: 23.321849732003713
Potencia real: 27.825 - Potencia predicha: 23.88485297019774
Potencia real: 27.476 - Potencia predicha: 23.321849732003713
Potencia real: 27.195 - Potencia predicha: 23.88485297019774
Potencia real: 27.309 - Potencia predicha: 23.88485297019774
Potencia real: 27.273000000000003 - Potencia predicha: 23.88485297019774
Potencia real: 27.22300000000001 - Potencia predicha: 23.88485297019774
Potencia real: 27.165 - Potencia predicha: 23.88485297019774
Potencia real: 27.06900000000001 - Potencia predicha: 23.88485297019774
Potencia real: 34.124 - Potencia predicha: 23.88485297019774
Potencia real: 34.47 - Potencia predicha: 23.88485297019774
Potencia real: 34.721 - Potencia predicha: 23.88485297019774
Potencia real: 35.089 - Potencia predicha: 23.88485297019774
Potencia real: 35.178000000000004 - Potencia predicha: 23.88485297019774
Potencia real: 35.422 - Potencia predicha: 23.88485297019774
Potencia real: 35.298 - Potencia predicha: 23.88485297019774
Potencia real: 35.575 - Potencia predicha: 23.88485297019774
Potencia real: 35.797 - Potencia predicha: 23.88485297019774
Potencia real: 36.321 - Potencia predicha: 23.884852969899086
Potencia real: 36.342 - Potencia predicha: 23.88485297019774
Potencia real: 36.575 - Potencia predicha: 23.88485297019774
Potencia real: 34.935 - Potencia predicha: 23.88485297019774
Potencia real: 35.195 - Potencia predicha: 23.88485297019774
Potencia real: 35.75 - Potencia predicha: 23.88485297019774
Potencia real: 35.948 - Potencia predicha: 23.88485297019774
Potencia real: 35.992 - Potencia predicha: 23.88485297019774
Potencia real: 36.317 - Potencia predicha: 23.88485297019774
Potencia real: 34.684 - Potencia predicha: 23.88485297019774
Potencia real: 33.649 - Potencia predicha: 23.88485297019774
Potencia real: 35.234 - Potencia predicha: 23.88485297019774
Potencia real: 35.374 - Potencia predicha: 23.88485297019774
Potencia real: 35.551 - Potencia predicha: 23.88485297019774
Potencia real: 35.361 - Potencia predicha: 23.88485297019774
Potencia real: 23.844 - Potencia predicha: 23.321849732003713
Potencia real: 23.39 - Potencia predicha: 23.321849732003713
Potencia real: 23.123 - Potencia predicha: 23.321849732003713
Potencia real: 22.855 - Potencia predicha: 23.321849732003713
Potencia real: 22.857 - Potencia predicha: 23.321849732003713
Potencia real: 22.653 - Potencia predicha: 23.321849732003713
Resultados para 14:00
Potencia real: 35.1 - Potencia predicha: 23.32184973200485
Potencia real: 35.223 - Potencia predicha: 23.321849732003713
Potencia real: 35.309 - Potencia predicha: 23.321849732003713
Potencia real: 35.222 - Potencia predicha: 23.321849732003713
Potencia real: 35.279 - Potencia predicha: 23.321849732003713
Potencia real: 35.991 - Potencia predicha: 23.321849732003713
Potencia real: 27.482 - Potencia predicha: 23.88485297019774
Potencia real: 27.358 - Potencia predicha: 23.884852970197684
Potencia real: 27.531 - Potencia predicha: 23.88485297019774
Potencia real: 28.144 - Potencia predicha: 23.321849732003713
Potencia real: 28.096 - Potencia predicha: 23.88485297019774
Potencia real: 27.856 - Potencia predicha: 23.321849732003713
Potencia real: 26.183000000000003 - Potencia predicha: 23.88485297019774
Potencia real: 26.435 - Potencia predicha: 23.88485297019774
Potencia real: 26.609 - Potencia predicha: 23.88485297019774
Potencia real: 26.31 - Potencia predicha: 23.88485297019774
Potencia real: 26.931 - Potencia predicha: 23.88485297019774
Potencia real: 26.634 - Potencia predicha: 23.88485297019774
Potencia real: 32.309 - Potencia predicha: 23.88485297019774
Potencia real: 32.511 - Potencia predicha: 23.88485297019774
Potencia real: 32.876 - Potencia predicha: 23.88485297019774
Potencia real: 32.835 - Potencia predicha: 23.88485297019774
Potencia real: 33.48 - Potencia predicha: 23.88485297019774
Potencia real: 33.619 - Potencia predicha: 23.88485297019774
Potencia real: 33.775 - Potencia predicha: 23.88485297019774
Potencia real: 33.796 - Potencia predicha: 23.88485297019774
Potencia real: 33.934 - Potencia predicha: 23.88485297019774
Potencia real: 34.033 - Potencia predicha: 23.884834168418294
Potencia real: 34.573 - Potencia predicha: 23.88485297019774
Potencia real: 34.701 - Potencia predicha: 23.88485297019774
Potencia real: 33.871 - Potencia predicha: 23.88485297019774
Potencia real: 33.941 - Potencia predicha: 23.88485297019774
Potencia real: 34.061 - Potencia predicha: 23.88485297019774
Potencia real: 34.105 - Potencia predicha: 23.88485297019774
Potencia real: 34.124 - Potencia predicha: 23.88485297019774
Potencia real: 34.548 - Potencia predicha: 23.88485297019774
Potencia real: 32.933 - Potencia predicha: 23.88485297019774
Potencia real: 33.081 - Potencia predicha: 23.88485297019774
Potencia real: 33.465 - Potencia predicha: 23.88485297019774
Potencia real: 33.299 - Potencia predicha: 23.88485297019774
Potencia real: 34.153 - Potencia predicha: 23.88485297019774
Potencia real: 34.325 - Potencia predicha: 23.88485297019774
Potencia real: 27.887 - Potencia predicha: 23.321849732003713
Potencia real: 27.504 - Potencia predicha: 23.321849732003713
Potencia real: 27.007 - Potencia predicha: 23.321849732003713
Potencia real: 26.365 - Potencia predicha: 23.321849732003713
Potencia real: 25.575 - Potencia predicha: 23.321849732003713
Potencia real: 24.749 - Potencia predicha: 23.321849732003713
Resultados para 15:00
Potencia real: 35.451 - Potencia predicha: 23.32184973200536
Potencia real: 35.493 - Potencia predicha: 23.321849732003713
Potencia real: 35.22400000000001 - Potencia predicha: 23.321849732003713
Potencia real: 35.385 - Potencia predicha: 23.321849732003713
Potencia real: 35.29400000000001 - Potencia predicha: 23.321849732003713
Potencia real: 34.884 - Potencia predicha: 23.321849732003713
Potencia real: 26.574 - Potencia predicha: 23.88485297019774
Potencia real: 26.65 - Potencia predicha: 23.884852970175004
Potencia real: 26.751 - Potencia predicha: 23.88485297019774
Potencia real: 27.143 - Potencia predicha: 23.321849732003713
Potencia real: 27.325 - Potencia predicha: 23.88485297019774
Potencia real: 27.253 - Potencia predicha: 23.321849732003713
Potencia real: 25.06900000000001 - Potencia predicha: 23.88485297019774
Potencia real: 25.144 - Potencia predicha: 23.88485297019774
Potencia real: 24.907 - Potencia predicha: 23.88485297019774
Potencia real: 25.563 - Potencia predicha: 23.88485297019774
Potencia real: 25.771 - Potencia predicha: 23.88485297019774
Potencia real: 25.632 - Potencia predicha: 23.88485297019774
Potencia real: 31.97 - Potencia predicha: 23.88485297019774
Potencia real: 32.073 - Potencia predicha: 23.88485297019774
Potencia real: 31.83 - Potencia predicha: 23.88485297019774
Potencia real: 32.058 - Potencia predicha: 23.88485297019774
Potencia real: 31.933000000000003 - Potencia predicha: 23.88485297019774
Potencia real: 32.026 - Potencia predicha: 23.88485297019774
Potencia real: 33.839 - Potencia predicha: 23.88485297019774
Potencia real: 33.944 - Potencia predicha: 23.88485297019774
Potencia real: 33.676 - Potencia predicha: 23.88485297019774
Potencia real: 33.928000000000004 - Potencia predicha: 23.88477266036476
Potencia real: 33.913000000000004 - Potencia predicha: 23.88485297019774
Potencia real: 33.678000000000004 - Potencia predicha: 23.88485297019774
Potencia real: 33.614000000000004 - Potencia predicha: 23.88485297019774
Potencia real: 33.595 - Potencia predicha: 23.88485297019774
Potencia real: 33.63 - Potencia predicha: 23.88485297019774
Potencia real: 33.705 - Potencia predicha: 23.88485297019774
Potencia real: 33.671 - Potencia predicha: 23.88485297019774
Potencia real: 33.489000000000004 - Potencia predicha: 23.88485297019774
Potencia real: 32.828 - Potencia predicha: 23.88485297019774
Potencia real: 32.9 - Potencia predicha: 23.88485297019774
Potencia real: 32.672 - Potencia predicha: 23.88485297019774
Potencia real: 32.875 - Potencia predicha: 23.88485297019774
Potencia real: 32.715 - Potencia predicha: 23.88485297019774
Potencia real: 32.806999999999995 - Potencia predicha: 23.88485297019774
Potencia real: 28.952 - Potencia predicha: 23.321849732003713
Potencia real: 28.786 - Potencia predicha: 23.321849732003713
Potencia real: 28.536 - Potencia predicha: 23.321849732003713
Potencia real: 28.329 - Potencia predicha: 23.321849732003713
Potencia real: 28.141 - Potencia predicha: 23.321849732003713
Potencia real: 27.906 - Potencia predicha: 23.321849732003713
Resultados para 16:00
Potencia real: 35.484 - Potencia predicha: 23.32184973200917
Potencia real: 35.76300000000001 - Potencia predicha: 23.321849732003713
Potencia real: 35.512 - Potencia predicha: 23.321849732003713
Potencia real: 35.473 - Potencia predicha: 23.321849732003713
Potencia real: 35.541 - Potencia predicha: 23.321849732003713
Potencia real: 35.228 - Potencia predicha: 23.321849732003713
Potencia real: 26.256 - Potencia predicha: 23.88485297019774
Potencia real: 26.322 - Potencia predicha: 23.88485297000385
Potencia real: 26.308000000000003 - Potencia predicha: 23.88485297019774
Potencia real: 26.599 - Potencia predicha: 23.321849732003713
Potencia real: 26.595 - Potencia predicha: 23.88485297019774
Potencia real: 26.834 - Potencia predicha: 23.321849732003713
Potencia real: 25.114 - Potencia predicha: 23.88485297019774
Potencia real: 24.897 - Potencia predicha: 23.88485297019774
Potencia real: 24.888 - Potencia predicha: 23.88485297019774
Potencia real: 24.879 - Potencia predicha: 23.88485297019774
Potencia real: 25.105 - Potencia predicha: 23.88485297019774
Potencia real: 24.881 - Potencia predicha: 23.88485297019774
Potencia real: 31.94 - Potencia predicha: 23.88485297019774
Potencia real: 31.879 - Potencia predicha: 23.88485297019774
Potencia real: 31.77 - Potencia predicha: 23.88485297019774
Potencia real: 31.739 - Potencia predicha: 23.88485297019774
Potencia real: 31.791 - Potencia predicha: 23.88485297019774
Potencia real: 31.49 - Potencia predicha: 23.88485297019774
Potencia real: 33.945 - Potencia predicha: 23.88485297019774
Potencia real: 33.999 - Potencia predicha: 23.88485297019774
Potencia real: 33.814 - Potencia predicha: 23.88485297019774
Potencia real: 33.829 - Potencia predicha: 23.884793852290315
Potencia real: 33.497 - Potencia predicha: 23.88485297019774
Potencia real: 33.777 - Potencia predicha: 23.88485297019774
Potencia real: 33.075 - Potencia predicha: 23.88485297019774
Potencia real: 33.196 - Potencia predicha: 23.88485297019774
Potencia real: 33.568000000000005 - Potencia predicha: 23.88485297019774
Potencia real: 33.492 - Potencia predicha: 23.88485297019774
Potencia real: 33.285 - Potencia predicha: 23.88485297019774
Potencia real: 33.418 - Potencia predicha: 23.88485297019774
Potencia real: 33.149 - Potencia predicha: 23.88485297019774
Potencia real: 33.004 - Potencia predicha: 23.88485297019774
Potencia real: 32.926 - Potencia predicha: 23.88485297019774
Potencia real: 33.02 - Potencia predicha: 23.88485297019774
Potencia real: 32.896 - Potencia predicha: 23.88485297019774
Potencia real: 32.562 - Potencia predicha: 23.88485297019774
Potencia real: 30.451 - Potencia predicha: 23.321849732003713
Potencia real: 30.146 - Potencia predicha: 23.321849732003713
Potencia real: 29.658 - Potencia predicha: 23.321849732003713
Potencia real: 29.546 - Potencia predicha: 23.321849732003713
Potencia real: 29.33 - Potencia predicha: 23.321849732003713
Potencia real: 28.978 - Potencia predicha: 23.321849732003713
Resultados para 17:00
Potencia real: 37.057 - Potencia predicha: 23.321849762037502
Potencia real: 36.506 - Potencia predicha: 23.321849732003713
Potencia real: 36.32 - Potencia predicha: 23.321849732003713
Potencia real: 35.95 - Potencia predicha: 23.321849732003713
Potencia real: 35.97400000000001 - Potencia predicha: 23.321849732003713
Potencia real: 35.554 - Potencia predicha: 23.321849732003713
Potencia real: 27.826 - Potencia predicha: 23.88485297019774
Potencia real: 27.207 - Potencia predicha: 23.884852970197684
Potencia real: 27.208 - Potencia predicha: 23.88485297019774
Potencia real: 26.91800000000001 - Potencia predicha: 23.321849732003713
Potencia real: 26.698 - Potencia predicha: 23.88485297019774
Potencia real: 26.599 - Potencia predicha: 23.321849732003713
Potencia real: 26.525 - Potencia predicha: 23.88485297019774
Potencia real: 25.772 - Potencia predicha: 23.88485297019774
Potencia real: 25.138 - Potencia predicha: 23.88485297019774
Potencia real: 25.132 - Potencia predicha: 23.88485297019774
Potencia real: 25.027 - Potencia predicha: 23.88485297019774
Potencia real: 25.518 - Potencia predicha: 23.88485297019774
Potencia real: 32.82 - Potencia predicha: 23.88485297019774
Potencia real: 32.258 - Potencia predicha: 23.88485297019774
Potencia real: 32.177 - Potencia predicha: 23.88485297019774
Potencia real: 31.95300000000001 - Potencia predicha: 23.88485297019774
Potencia real: 31.9 - Potencia predicha: 23.88485297019774
Potencia real: 31.977 - Potencia predicha: 23.88485297019774
Potencia real: 35.39 - Potencia predicha: 23.88485297019774
Potencia real: 35.031 - Potencia predicha: 23.88485297019774
Potencia real: 34.438 - Potencia predicha: 23.88485297019774
Potencia real: 34.251 - Potencia predicha: 23.88485290216134
Potencia real: 34.283 - Potencia predicha: 23.88485297019774
Potencia real: 33.864000000000004 - Potencia predicha: 23.88485297019774
Potencia real: 35.531 - Potencia predicha: 23.88485297019774
Potencia real: 34.993 - Potencia predicha: 23.88485297019774
Potencia real: 33.667 - Potencia predicha: 23.88485297019774
Potencia real: 33.499 - Potencia predicha: 23.88485297019774
Potencia real: 33.104 - Potencia predicha: 23.88485297019774
Potencia real: 34.549 - Potencia predicha: 23.88485297019774
Potencia real: 34.675 - Potencia predicha: 23.88485297019774
Potencia real: 34.151 - Potencia predicha: 23.88485297019774
Potencia real: 33.847 - Potencia predicha: 23.88485297019774
Potencia real: 33.711 - Potencia predicha: 23.88485297019774
Potencia real: 33.524 - Potencia predicha: 23.88485297019774
Potencia real: 33.128 - Potencia predicha: 23.88485297019774
Potencia real: 30.722 - Potencia predicha: 23.321849732003713
Potencia real: 30.134 - Potencia predicha: 23.321849732003713
Potencia real: 30.59 - Potencia predicha: 23.321849732003713
Potencia real: 30.711 - Potencia predicha: 23.321849732003713
Potencia real: 30.566 - Potencia predicha: 23.321849732003713
Potencia real: 30.398000000000003 - Potencia predicha: 23.321849732003713
Resultados para 18:00
Potencia real: 39.697 - Potencia predicha: 23.59848468367106
Potencia real: 39.798 - Potencia predicha: 23.321849732003713
Potencia real: 39.548 - Potencia predicha: 23.321849732005646
Potencia real: 38.769 - Potencia predicha: 23.321849732003713
Potencia real: 38.247 - Potencia predicha: 23.321849732003713
Potencia real: 37.525 - Potencia predicha: 23.321849732003713
Potencia real: 32.168 - Potencia predicha: 23.88485297019774
Potencia real: 31.651 - Potencia predicha: 23.88485297019774
Potencia real: 30.82800000000001 - Potencia predicha: 23.88485297019774
Potencia real: 30.551 - Potencia predicha: 23.321849732003713
Potencia real: 29.764 - Potencia predicha: 23.88485297019774
Potencia real: 28.663 - Potencia predicha: 23.321849732003713
Potencia real: 30.311 - Potencia predicha: 23.88485297019774
Potencia real: 29.897 - Potencia predicha: 23.88485297019774
Potencia real: 29.074 - Potencia predicha: 23.88485297019774
Potencia real: 28.522 - Potencia predicha: 23.88485297019774
Potencia real: 27.692 - Potencia predicha: 23.88485297019774
Potencia real: 26.941 - Potencia predicha: 23.88485297019774
Potencia real: 34.868 - Potencia predicha: 23.88485297019774
Potencia real: 34.991 - Potencia predicha: 23.88485297019774
Potencia real: 34.936 - Potencia predicha: 23.88485297019774
Potencia real: 34.522 - Potencia predicha: 23.88485297019774
Potencia real: 33.801 - Potencia predicha: 23.88485297019774
Potencia real: 33.319 - Potencia predicha: 23.88485297019774
Potencia real: 38.31800000000001 - Potencia predicha: 23.88485297019774
Potencia real: 38.273 - Potencia predicha: 23.88485297019774
Potencia real: 38.051 - Potencia predicha: 23.88485297019774
Potencia real: 37.467 - Potencia predicha: 23.88485297019774
Potencia real: 36.89 - Potencia predicha: 23.88485297019774
Potencia real: 36.24800000000001 - Potencia predicha: 23.88485297019774
Potencia real: 38.531 - Potencia predicha: 23.88485297019774
Potencia real: 38.559 - Potencia predicha: 23.88485297019774
Potencia real: 38.255 - Potencia predicha: 23.88485297019774
Potencia real: 37.627 - Potencia predicha: 23.88485297019774
Potencia real: 36.76300000000001 - Potencia predicha: 23.88485297019774
Potencia real: 36.083 - Potencia predicha: 23.88485297019774
Potencia real: 37.733 - Potencia predicha: 23.88485297019774
Potencia real: 37.621 - Potencia predicha: 23.88485297019774
Potencia real: 37.413 - Potencia predicha: 23.88485297019774
Potencia real: 36.893 - Potencia predicha: 23.88485297019774
Potencia real: 36.332 - Potencia predicha: 23.88485297019774
Potencia real: 35.595 - Potencia predicha: 23.88485297019774
Potencia real: 29.368 - Potencia predicha: 23.321849732003713
Potencia real: 29.428 - Potencia predicha: 23.321849732003713
Potencia real: 29.623 - Potencia predicha: 23.321849732003713
Potencia real: 30.023000000000003 - Potencia predicha: 23.321849732003713
Potencia real: 30.329 - Potencia predicha: 23.321849732003713
Potencia real: 30.581 - Potencia predicha: 23.321849732003713
Resultados para 19:00
Potencia real: 39.658 - Potencia predicha: 23.884329285514283
Potencia real: 39.825 - Potencia predicha: 23.321849732003713
Potencia real: 39.801 - Potencia predicha: 23.321849734129373
Potencia real: 39.839 - Potencia predicha: 23.321849732003713
Potencia real: 39.901 - Potencia predicha: 23.321849732003713
Potencia real: 39.886 - Potencia predicha: 23.321849732003713
Potencia real: 33.018 - Potencia predicha: 23.88485297019774
Potencia real: 32.882 - Potencia predicha: 23.88485297019774
Potencia real: 32.616 - Potencia predicha: 23.88485297019774
Potencia real: 32.669000000000004 - Potencia predicha: 23.321849732003713
Potencia real: 32.522 - Potencia predicha: 23.88485297019774
Potencia real: 32.305 - Potencia predicha: 23.321849732003713
Potencia real: 30.795 - Potencia predicha: 23.88485297019774
Potencia real: 30.651 - Potencia predicha: 23.88485297019774
Potencia real: 30.472 - Potencia predicha: 23.88485297019774
Potencia real: 30.536 - Potencia predicha: 23.88485297019774
Potencia real: 30.402 - Potencia predicha: 23.88485297019774
Potencia real: 30.224 - Potencia predicha: 23.88485297019774
Potencia real: 33.821 - Potencia predicha: 23.88485297019774
Potencia real: 34.003 - Potencia predicha: 23.88485297019774
Potencia real: 34.264 - Potencia predicha: 23.88485297019774
Potencia real: 34.282 - Potencia predicha: 23.88485297019774
Potencia real: 34.327 - Potencia predicha: 23.88485297019774
Potencia real: 34.489000000000004 - Potencia predicha: 23.88485297019774
Potencia real: 37.859 - Potencia predicha: 23.88485297019774
Potencia real: 37.947 - Potencia predicha: 23.88485297019774
Potencia real: 37.961 - Potencia predicha: 23.88485297019774
Potencia real: 37.96 - Potencia predicha: 23.88485297019774
Potencia real: 38.06800000000001 - Potencia predicha: 23.88485297019774
Potencia real: 38.083 - Potencia predicha: 23.88485297019774
Potencia real: 38.052 - Potencia predicha: 23.88485297019774
Potencia real: 38.358 - Potencia predicha: 23.88485297019774
Potencia real: 38.307 - Potencia predicha: 23.88485297019774
Potencia real: 38.299 - Potencia predicha: 23.88485297019774
Potencia real: 38.478 - Potencia predicha: 23.88485297019774
Potencia real: 38.457 - Potencia predicha: 23.88485297019774
Potencia real: 37.086 - Potencia predicha: 23.88485297019774
Potencia real: 37.331 - Potencia predicha: 23.88485297019774
Potencia real: 37.287 - Potencia predicha: 23.88485297019774
Potencia real: 37.385 - Potencia predicha: 23.88485297019774
Potencia real: 37.501 - Potencia predicha: 23.88485297019774
Potencia real: 37.599 - Potencia predicha: 23.88485297019774
Potencia real: 29.401 - Potencia predicha: 23.321849732003713
Potencia real: 29.755 - Potencia predicha: 23.321849732003713
Potencia real: 30.111 - Potencia predicha: 23.321849732003713
Potencia real: 30.447 - Potencia predicha: 23.321849732003713
Potencia real: 30.31 - Potencia predicha: 23.321849732003713
Potencia real: 29.593000000000004 - Potencia predicha: 23.321849732003713
Resultados para 20:00
Potencia real: 39.187 - Potencia predicha: 23.72570623938155
Potencia real: 39.131 - Potencia predicha: 23.321849732003713
Potencia real: 39.289 - Potencia predicha: 23.321849732008772
Potencia real: 39.473 - Potencia predicha: 23.321849732003713
Potencia real: 39.429 - Potencia predicha: 23.321849732003713
Potencia real: 39.313 - Potencia predicha: 23.321849732003713
Potencia real: 34.205 - Potencia predicha: 23.88485297019774
Potencia real: 33.903 - Potencia predicha: 23.88485297019774
Potencia real: 33.934 - Potencia predicha: 23.88485297019774
Potencia real: 33.541 - Potencia predicha: 23.321849732003713
Potencia real: 33.62 - Potencia predicha: 23.88485297019774
Potencia real: 33.346 - Potencia predicha: 23.321849732003713
Potencia real: 31.981 - Potencia predicha: 23.88485297019774
Potencia real: 31.627 - Potencia predicha: 23.88485297019774
Potencia real: 31.561 - Potencia predicha: 23.88485297019774
Potencia real: 31.212 - Potencia predicha: 23.88485297019774
Potencia real: 31.346 - Potencia predicha: 23.88485297019774
Potencia real: 31.149 - Potencia predicha: 23.88485297019774
Potencia real: 33.644 - Potencia predicha: 23.88485297019774
Potencia real: 33.442 - Potencia predicha: 23.88485297019774
Potencia real: 33.666 - Potencia predicha: 23.88485297019774
Potencia real: 33.611999999999995 - Potencia predicha: 23.88485297019774
Potencia real: 33.514 - Potencia predicha: 23.88485297019774
Potencia real: 33.678000000000004 - Potencia predicha: 23.88485297019774
Potencia real: 37.685 - Potencia predicha: 23.88485297019774
Potencia real: 37.649 - Potencia predicha: 23.88485297019774
Potencia real: 37.613 - Potencia predicha: 23.88485297019774
Potencia real: 37.657 - Potencia predicha: 23.88485297019774
Potencia real: 37.776 - Potencia predicha: 23.88485297019774
Potencia real: 38.011 - Potencia predicha: 23.88485297019774
Potencia real: 37.648 - Potencia predicha: 23.88485297019774
Potencia real: 37.683 - Potencia predicha: 23.88485297019774
Potencia real: 37.837 - Potencia predicha: 23.88485297019774
Potencia real: 37.825 - Potencia predicha: 23.88485297019774
Potencia real: 37.869 - Potencia predicha: 23.88485297019774
Potencia real: 38.0 - Potencia predicha: 23.88485297019774
Potencia real: 36.74800000000001 - Potencia predicha: 23.88485297019774
Potencia real: 36.881 - Potencia predicha: 23.88485297019774
Potencia real: 36.798 - Potencia predicha: 23.88485297019774
Potencia real: 36.88800000000001 - Potencia predicha: 23.88485297019774
Potencia real: 36.995 - Potencia predicha: 23.88485297019774
Potencia real: 37.075 - Potencia predicha: 23.88485297019774
Potencia real: 26.333 - Potencia predicha: 23.321849732003713
Potencia real: 26.687 - Potencia predicha: 23.321849732003713
Potencia real: 27.139 - Potencia predicha: 23.321849732003713
Potencia real: 27.781 - Potencia predicha: 23.321849732003713
Potencia real: 28.204 - Potencia predicha: 23.321849732003713
Potencia real: 28.667 - Potencia predicha: 23.321849732003713
Resultados para 21:00
Potencia real: 37.605 - Potencia predicha: 23.34407478229859
Potencia real: 38.514 - Potencia predicha: 23.321849732003713
Potencia real: 38.853 - Potencia predicha: 23.321849732003827
Potencia real: 39.154 - Potencia predicha: 23.321849732003713
Potencia real: 39.324 - Potencia predicha: 23.321849732003713
Potencia real: 39.034 - Potencia predicha: 23.321849732003713
Potencia real: 34.007 - Potencia predicha: 23.88485297019774
Potencia real: 34.114000000000004 - Potencia predicha: 23.88485297019774
Potencia real: 34.444 - Potencia predicha: 23.88485297019774
Potencia real: 34.54 - Potencia predicha: 23.321849732003713
Potencia real: 34.443000000000005 - Potencia predicha: 23.88485297019774
Potencia real: 34.315 - Potencia predicha: 23.321849732003713
Potencia real: 32.137 - Potencia predicha: 23.88485297019774
Potencia real: 32.18 - Potencia predicha: 23.88485297019774
Potencia real: 32.104 - Potencia predicha: 23.88485297019774
Potencia real: 32.022 - Potencia predicha: 23.88485297019774
Potencia real: 32.081 - Potencia predicha: 23.88485297019774
Potencia real: 31.864 - Potencia predicha: 23.88485297019774
Potencia real: 33.146 - Potencia predicha: 23.88485297019774
Potencia real: 33.526 - Potencia predicha: 23.88485297019774
Potencia real: 33.912 - Potencia predicha: 23.88485297019774
Potencia real: 33.844 - Potencia predicha: 23.88485297019774
Potencia real: 34.11 - Potencia predicha: 23.88485297019774
Potencia real: 33.556999999999995 - Potencia predicha: 23.88485297019774
Potencia real: 36.823 - Potencia predicha: 23.88485297019774
Potencia real: 36.982 - Potencia predicha: 23.88485297019774
Potencia real: 37.299 - Potencia predicha: 23.88485297019774
Potencia real: 37.552 - Potencia predicha: 23.884852970197684
Potencia real: 37.685 - Potencia predicha: 23.88485297019774
Potencia real: 37.587 - Potencia predicha: 23.88485297019774
Potencia real: 36.469 - Potencia predicha: 23.88485297019774
Potencia real: 37.186 - Potencia predicha: 23.88485297019774
Potencia real: 37.256 - Potencia predicha: 23.88485297019774
Potencia real: 37.367 - Potencia predicha: 23.88485297019774
Potencia real: 37.772 - Potencia predicha: 23.88485297019774
Potencia real: 37.595 - Potencia predicha: 23.88485297019774
Potencia real: 35.92800000000001 - Potencia predicha: 23.88485297019774
Potencia real: 36.51 - Potencia predicha: 23.88485297019774
Potencia real: 36.745 - Potencia predicha: 23.88485297019774
Potencia real: 36.868 - Potencia predicha: 23.88485297019774
Potencia real: 37.104 - Potencia predicha: 23.88485297019774
Potencia real: 36.815 - Potencia predicha: 23.88485297019774
Potencia real: 30.581 - Potencia predicha: 23.321849732003713
Potencia real: 30.722 - Potencia predicha: 23.321849732003713
Potencia real: 30.59 - Potencia predicha: 23.321849732003713
Potencia real: 30.711 - Potencia predicha: 23.321849732003713
Potencia real: 30.566 - Potencia predicha: 23.321849732003713
Potencia real: 30.398000000000003 - Potencia predicha: 23.321849732003713
Resultados para 22:00
Potencia real: 35.352 - Potencia predicha: 23.321849732151392
Potencia real: 35.501 - Potencia predicha: 23.321849732003713
Potencia real: 36.087 - Potencia predicha: 23.321849732003713
Potencia real: 36.595 - Potencia predicha: 23.321849732003713
Potencia real: 36.964 - Potencia predicha: 23.321849732003713
Potencia real: 37.041 - Potencia predicha: 23.321849732003713
Potencia real: 32.159 - Potencia predicha: 23.88485297019774
Potencia real: 32.179 - Potencia predicha: 23.88485297019774
Potencia real: 32.719 - Potencia predicha: 23.88485297019774
Potencia real: 32.935 - Potencia predicha: 23.321849732003713
Potencia real: 33.187 - Potencia predicha: 23.88485297019774
Potencia real: 33.701 - Potencia predicha: 23.321849732003713
Potencia real: 31.425 - Potencia predicha: 23.88485297019774
Potencia real: 31.538 - Potencia predicha: 23.88485297019774
Potencia real: 31.466 - Potencia predicha: 23.88485297019774
Potencia real: 31.715 - Potencia predicha: 23.88485297019774
Potencia real: 31.611 - Potencia predicha: 23.88485297019774
Potencia real: 32.041 - Potencia predicha: 23.88485297019774
Potencia real: 32.656 - Potencia predicha: 23.88485297019774
Potencia real: 32.4 - Potencia predicha: 23.88485297019774
Potencia real: 32.38 - Potencia predicha: 23.88485297019774
Potencia real: 32.693000000000005 - Potencia predicha: 23.88485297019774
Potencia real: 32.686 - Potencia predicha: 23.88485297019774
Potencia real: 32.787 - Potencia predicha: 23.88485297019774
Potencia real: 35.144 - Potencia predicha: 23.88485297019774
Potencia real: 35.313 - Potencia predicha: 23.88485297019774
Potencia real: 35.41900000000001 - Potencia predicha: 23.88485297019774
Potencia real: 35.562 - Potencia predicha: 23.884852915221686
Potencia real: 35.985 - Potencia predicha: 23.88485297019774
Potencia real: 35.985 - Potencia predicha: 23.88485297019774
Potencia real: 34.76 - Potencia predicha: 23.88485297019774
Potencia real: 34.931 - Potencia predicha: 23.88485297019774
Potencia real: 34.905 - Potencia predicha: 23.88485297019774
Potencia real: 35.484 - Potencia predicha: 23.88485297019774
Potencia real: 35.716 - Potencia predicha: 23.88485297019774
Potencia real: 35.822 - Potencia predicha: 23.88485297019774
Potencia real: 34.372 - Potencia predicha: 23.88485297019774
Potencia real: 34.366 - Potencia predicha: 23.88485297019774
Potencia real: 34.415 - Potencia predicha: 23.88485297019774
Potencia real: 34.608000000000004 - Potencia predicha: 23.88485297019774
Potencia real: 34.872 - Potencia predicha: 23.88485297019774
Potencia real: 35.374 - Potencia predicha: 23.88485297019774
Potencia real: 29.368 - Potencia predicha: 23.321849732003713
Potencia real: 29.428 - Potencia predicha: 23.321849732003713
Potencia real: 29.623 - Potencia predicha: 23.321849732003713
Potencia real: 30.023000000000003 - Potencia predicha: 23.321849732003713
Potencia real: 30.134 - Potencia predicha: 23.321849732003713
Potencia real: 30.329 - Potencia predicha: 23.321849732003713
Resultados para 23:00
Potencia real: 34.365 - Potencia predicha: 33.41657316899597
Potencia real: 34.887 - Potencia predicha: 33.41657316899597
Potencia real: 35.186 - Potencia predicha: 33.41657316899597
Potencia real: 35.738 - Potencia predicha: 33.41657316899597
Potencia real: 35.649 - Potencia predicha: 33.41657316899597
Potencia real: 35.02 - Potencia predicha: 33.41657316899597
Potencia real: 31.181 - Potencia predicha: 33.41657316899597
Potencia real: 32.014 - Potencia predicha: 33.41657316899597
Potencia real: 32.376 - Potencia predicha: 33.41657316899597
Potencia real: 32.741 - Potencia predicha: 33.41657316899597
Potencia real: 32.776 - Potencia predicha: 33.41657316899597
Potencia real: 32.308 - Potencia predicha: 33.41657316899597
Potencia real: 32.125 - Potencia predicha: 33.41657316899597
Potencia real: 32.099000000000004 - Potencia predicha: 33.41657316899597
Potencia real: 32.554 - Potencia predicha: 33.41657316899597
Potencia real: 32.792 - Potencia predicha: 33.41657316899597
Potencia real: 32.49 - Potencia predicha: 33.41657316899597
Potencia real: 31.931 - Potencia predicha: 33.41657316899597
Potencia real: 33.263000000000005 - Potencia predicha: 33.41657316899597
Potencia real: 33.868 - Potencia predicha: 33.41657316899597
Potencia real: 33.708 - Potencia predicha: 33.41657316899597
Potencia real: 33.905 - Potencia predicha: 33.41657316899597
Potencia real: 33.608000000000004 - Potencia predicha: 33.41657316899597
Potencia real: 32.366 - Potencia predicha: 33.41657316899597
Potencia real: 34.595 - Potencia predicha: 33.41657316899597
Potencia real: 34.984 - Potencia predicha: 33.41657316899597
Potencia real: 35.128 - Potencia predicha: 33.41657316899597
Potencia real: 35.348 - Potencia predicha: 33.41657316899597
Potencia real: 35.203 - Potencia predicha: 33.41657316899597
Potencia real: 34.809 - Potencia predicha: 33.41657316899597
Potencia real: 34.117 - Potencia predicha: 33.41657316899597
Potencia real: 34.731 - Potencia predicha: 33.41657316899597
Potencia real: 34.867 - Potencia predicha: 33.41657316899597
Potencia real: 35.392 - Potencia predicha: 33.41657316899597
Potencia real: 35.371 - Potencia predicha: 33.41657316899597
Potencia real: 34.537 - Potencia predicha: 33.41657316899597
Potencia real: 33.765 - Potencia predicha: 33.41657316899597
Potencia real: 34.008 - Potencia predicha: 33.41657316899597
Potencia real: 34.351 - Potencia predicha: 33.41657316899597
Potencia real: 34.911 - Potencia predicha: 33.41657316899597
Potencia real: 34.704 - Potencia predicha: 33.41657316899597
Potencia real: 34.358000000000004 - Potencia predicha: 33.41657316899597
Potencia real: 29.401 - Potencia predicha: 33.41657316899597
Potencia real: 29.755 - Potencia predicha: 33.41657316899597
Potencia real: 30.111 - Potencia predicha: 33.41657316899597
Potencia real: 30.447 - Potencia predicha: 33.41657316899597
Potencia real: 30.31 - Potencia predicha: 33.41657316899597
