Tiempo de ejecucion(s):4855.3713154 = 1,35 h,
"numRowsToKeep: Int = 1200; Número de partículas  m = 100;Número de iteraciones
 I = 1000"
Resultados para 00:00
Potencia real: 24.362 - Potencia predicha: -51.238336386789825
Potencia real: 24.721999999999998 - Potencia predicha: -47.49811543194285
Potencia real: 24.919 - Potencia predicha: 126.19961067580218
Potencia real: 25.213 - Potencia predicha: 178.0322691216947
Potencia real: 25.32 - Potencia predicha: -130.5169320132617
Potencia real: 25.041999999999998 - Potencia predicha: 174.878288110086
Potencia real: 24.901 - Potencia predicha: 122.85413300111534
Potencia real: 25.185 - Potencia predicha: 30.147639371321045
Potencia real: 25.528000000000002 - Potencia predicha: 73.05457426695202
Potencia real: 25.825 - Potencia predicha: 123.49657175479604
Potencia real: 25.857 - Potencia predicha: -105.84989571861598
Potencia real: 25.77 - Potencia predicha: -101.98677051493027
Potencia real: 24.838 - Potencia predicha: 14.445978941750003
Potencia real: 25.004 - Potencia predicha: 233.67322822933306
Potencia real: 25.14 - Potencia predicha: 129.57859065563724
Potencia real: 25.708000000000002 - Potencia predicha: 384.0903684652212
Potencia real: 25.775 - Potencia predicha: 208.16844660712295
Potencia real: 25.750999999999998 - Potencia predicha: -39.97624027291719
Potencia real: 24.785 - Potencia predicha: -89.10926342685902
Potencia real: 25.209 - Potencia predicha: -242.4830232975266
Potencia real: 25.413 - Potencia predicha: -189.20830061594995
Potencia real: 25.851 - Potencia predicha: -54.30252287790945
Potencia real: 25.961 - Potencia predicha: 35.26746117390008
Potencia real: 25.835 - Potencia predicha: -220.67083558025342
Potencia real: 24.244 - Potencia predicha: -2.6456918682476998
Potencia real: 24.714000000000002 - Potencia predicha: -0.510490958995728
Potencia real: 24.866999999999997 - Potencia predicha: -266.5808790801651
Potencia real: 25.226 - Potencia predicha: 18.12510426590102
Potencia real: 25.309 - Potencia predicha: -148.0267046902016
Potencia real: 25.316999999999997 - Potencia predicha: -190.8017942723229
Potencia real: 22.553 - Potencia predicha: 130.4671614499872
Potencia real: 22.752 - Potencia predicha: 101.38068947489239
Potencia real: 22.892 - Potencia predicha: 168.2442682382321
Potencia real: 22.888 - Potencia predicha: 161.50952796108496
Potencia real: 23.156 - Potencia predicha: 62.12525945504071
Potencia real: 23.63 - Potencia predicha: 35.339541378002394
Potencia real: 22.398000000000003 - Potencia predicha: 106.9240222300928
Potencia real: 22.831 - Potencia predicha: 140.22267954655746
Potencia real: 22.889 - Potencia predicha: 297.03828948054274
Potencia real: 23.266 - Potencia predicha: 57.31556947958587
Potencia real: 23.303 - Potencia predicha: 34.18581384651986
Potencia real: 23.675 - Potencia predicha: -61.35457483159071
Potencia real: 24.846 - Potencia predicha: -51.238336386789825
Potencia real: 24.862 - Potencia predicha: -47.49811543194285
Potencia real: 25.296 - Potencia predicha: 126.19961067580218
Potencia real: 25.489 - Potencia predicha: 178.0322691216947
Potencia real: 25.605 - Potencia predicha: -130.5169320132617
Potencia real: 25.646 - Potencia predicha: 174.878288110086
Potencia real: 24.427 - Potencia predicha: 122.85413300111534
Potencia real: 24.823 - Potencia predicha: 30.147639371321045
Potencia real: 24.853 - Potencia predicha: 73.05457426695202
Potencia real: 25.13 - Potencia predicha: 123.49657175479604
Potencia real: 25.228 - Potencia predicha: -105.84989571861598
Potencia real: 25.513 - Potencia predicha: -101.98677051493027
Resultados para 01:00
Potencia real: 23.134 - Potencia predicha: -51.238336386789825
Potencia real: 23.188000000000002 - Potencia predicha: -47.49811543194285
Potencia real: 23.7 - Potencia predicha: 126.19961067580218
Potencia real: 23.811999999999998 - Potencia predicha: 178.0322691216947
Potencia real: 23.97 - Potencia predicha: -130.5169320132617
Potencia real: 24.11 - Potencia predicha: 174.878288110086
Potencia real: 24.03 - Potencia predicha: 122.85413300111534
Potencia real: 24.111 - Potencia predicha: 30.147639371321045
Potencia real: 23.98 - Potencia predicha: 73.05457426695202
Potencia real: 24.215999999999998 - Potencia predicha: 123.49657175479604
Potencia real: 24.238000000000003 - Potencia predicha: -105.84989571861598
Potencia real: 24.65 - Potencia predicha: -101.98677051493027
Potencia real: 23.651999999999997 - Potencia predicha: 14.445978941750003
Potencia real: 23.62 - Potencia predicha: 233.67322822933306
Potencia real: 23.961 - Potencia predicha: 129.57859065563724
Potencia real: 24.256 - Potencia predicha: 384.0903684652212
Potencia real: 24.288 - Potencia predicha: 208.16844660712295
Potencia real: 24.279 - Potencia predicha: -39.97624027291719
Potencia real: 23.66 - Potencia predicha: -89.10926342685902
Potencia real: 23.755 - Potencia predicha: -242.4830232975266
Potencia real: 24.09 - Potencia predicha: -189.20830061594995
Potencia real: 24.155 - Potencia predicha: -54.30252287790945
Potencia real: 24.559 - Potencia predicha: 35.26746117390008
Potencia real: 24.54 - Potencia predicha: -220.67083558025342
Potencia real: 23.503 - Potencia predicha: -2.6456918682476998
Potencia real: 23.73 - Potencia predicha: -0.510490958995728
Potencia real: 23.502 - Potencia predicha: -266.5808790801651
Potencia real: 24.147 - Potencia predicha: 18.12510426590102
Potencia real: 23.877 - Potencia predicha: -148.0267046902016
Potencia real: 23.965999999999998 - Potencia predicha: -190.8017942723229
Potencia real: 21.511999999999997 - Potencia predicha: 130.4671614499872
Potencia real: 21.66800000000001 - Potencia predicha: 101.38068947489239
Potencia real: 21.750999999999998 - Potencia predicha: 168.2442682382321
Potencia real: 21.794 - Potencia predicha: 161.50952796108496
Potencia real: 22.009 - Potencia predicha: 62.12525945504071
Potencia real: 22.212 - Potencia predicha: 35.339541378002394
Potencia real: 21.271 - Potencia predicha: 106.9240222300928
Potencia real: 21.515 - Potencia predicha: 140.22267954655746
Potencia real: 21.658 - Potencia predicha: 297.03828948054274
Potencia real: 21.756 - Potencia predicha: 57.31556947958587
Potencia real: 22.064 - Potencia predicha: 34.18581384651986
Potencia real: 22.138 - Potencia predicha: -61.35457483159071
Potencia real: 23.374000000000002 - Potencia predicha: -51.238336386789825
Potencia real: 23.69 - Potencia predicha: -47.49811543194285
Potencia real: 23.718000000000004 - Potencia predicha: 126.19961067580218
Potencia real: 24.045 - Potencia predicha: 178.0322691216947
Potencia real: 24.026 - Potencia predicha: -130.5169320132617
Potencia real: 24.416999999999998 - Potencia predicha: 174.878288110086
Potencia real: 23.447 - Potencia predicha: 122.85413300111534
Potencia real: 23.666999999999998 - Potencia predicha: 30.147639371321045
Potencia real: 23.612 - Potencia predicha: 73.05457426695202
Potencia real: 23.975 - Potencia predicha: 123.49657175479604
Potencia real: 23.635 - Potencia predicha: -105.84989571861598
Potencia real: 24.13300000000001 - Potencia predicha: -101.98677051493027
Resultados para 02:00
Potencia real: 22.432 - Potencia predicha: 22.507605454445354
Potencia real: 22.342 - Potencia predicha: 238.95867350861587
Potencia real: 22.401999999999997 - Potencia predicha: 113.93534357983387
Potencia real: 22.728 - Potencia predicha: 192.83423387358476
Potencia real: 22.725 - Potencia predicha: 17.99038649525761
Potencia real: 23.061 - Potencia predicha: -13.839221524149723
Potencia real: 23.22300000000001 - Potencia predicha: 59.437418348882325
Potencia real: 22.951 - Potencia predicha: 15.434827712234538
Potencia real: 23.144000000000002 - Potencia predicha: 141.21979600360498
Potencia real: 23.333000000000002 - Potencia predicha: 60.244941005415384
Potencia real: 23.334 - Potencia predicha: -176.69227291259782
Potencia real: 23.654 - Potencia predicha: -117.44464428057245
Potencia real: 22.771 - Potencia predicha: -30.874245252129285
Potencia real: 22.919 - Potencia predicha: -38.55793814861809
Potencia real: 22.772 - Potencia predicha: -83.46841956309541
Potencia real: 23.176 - Potencia predicha: -85.64744745115419
Potencia real: 23.234 - Potencia predicha: -18.50019099173116
Potencia real: 23.393 - Potencia predicha: -151.80470284598047
Potencia real: 23.090999999999998 - Potencia predicha: 38.00543513375569
Potencia real: 23.026999999999997 - Potencia predicha: 31.26075209217708
Potencia real: 23.261 - Potencia predicha: 1.2233790412041312
Potencia real: 23.268 - Potencia predicha: -87.80209913464637
Potencia real: 23.162 - Potencia predicha: -28.683904229388695
Potencia real: 23.61 - Potencia predicha: -58.57439850616878
Potencia real: 23.09 - Potencia predicha: 96.85735103152143
Potencia real: 22.826999999999998 - Potencia predicha: 215.40070433378895
Potencia real: 22.881999999999998 - Potencia predicha: 192.23492597297488
Potencia real: 22.739 - Potencia predicha: -185.7942076383926
Potencia real: 23.111 - Potencia predicha: 206.27257427136917
Potencia real: 23.021 - Potencia predicha: -164.12836620528202
Potencia real: 20.984 - Potencia predicha: 172.91147283884519
Potencia real: 20.728 - Potencia predicha: 250.71674535570597
Potencia real: 20.948 - Potencia predicha: 112.12406345642722
Potencia real: 21.246 - Potencia predicha: 20.54844988241456
Potencia real: 21.284000000000002 - Potencia predicha: 9.292858358902164
Potencia real: 21.334 - Potencia predicha: 94.6160254831469
Potencia real: 20.427 - Potencia predicha: 24.9103207868716
Potencia real: 20.569000000000006 - Potencia predicha: -73.56970443954003
Potencia real: 20.622 - Potencia predicha: 72.69239715096579
Potencia real: 20.72 - Potencia predicha: 42.98617647422624
Potencia real: 21.06 - Potencia predicha: -184.55707017291041
Potencia real: 21.113000000000003 - Potencia predicha: -364.73776528391346
Potencia real: 22.604 - Potencia predicha: 22.507605454445354
Potencia real: 22.711 - Potencia predicha: 238.95867350861587
Potencia real: 22.893 - Potencia predicha: 113.93534357983387
Potencia real: 22.984 - Potencia predicha: 192.83423387358476
Potencia real: 23.153000000000002 - Potencia predicha: 17.99038649525761
Potencia real: 22.963 - Potencia predicha: -13.839221524149723
Potencia real: 22.61 - Potencia predicha: 59.437418348882325
Potencia real: 22.859 - Potencia predicha: 15.434827712234538
Potencia real: 23.087 - Potencia predicha: 141.21979600360498
Potencia real: 22.998 - Potencia predicha: 60.244941005415384
Potencia real: 23.169 - Potencia predicha: -176.69227291259782
Potencia real: 22.95 - Potencia predicha: -117.44464428057245
Resultados para 03:00
Potencia real: 21.963 - Potencia predicha: 22.507605454445354
Potencia real: 21.899 - Potencia predicha: 238.95867350861587
Potencia real: 21.688000000000002 - Potencia predicha: 113.93534357983387
Potencia real: 22.129 - Potencia predicha: 192.83423387358476
Potencia real: 22.145 - Potencia predicha: 17.99038649525761
Potencia real: 22.302 - Potencia predicha: -13.839221524149723
Potencia real: 22.680999999999997 - Potencia predicha: 59.437418348882325
Potencia real: 22.724 - Potencia predicha: 15.434827712234538
Potencia real: 23.149 - Potencia predicha: 141.21979600360498
Potencia real: 22.921 - Potencia predicha: 60.244941005415384
Potencia real: 23.035999999999998 - Potencia predicha: -176.69227291259782
Potencia real: 22.975 - Potencia predicha: -117.44464428057245
Potencia real: 22.641 - Potencia predicha: -30.874245252129285
Potencia real: 22.660999999999998 - Potencia predicha: -38.55793814861809
Potencia real: 22.59 - Potencia predicha: -83.46841956309541
Potencia real: 22.586 - Potencia predicha: -85.64744745115419
Potencia real: 22.77 - Potencia predicha: -18.50019099173116
Potencia real: 22.761999999999997 - Potencia predicha: -151.80470284598047
Potencia real: 22.976 - Potencia predicha: 38.00543513375569
Potencia real: 22.749000000000002 - Potencia predicha: 31.26075209217708
Potencia real: 22.825 - Potencia predicha: 1.2233790412041312
Potencia real: 22.91800000000001 - Potencia predicha: -87.80209913464637
Potencia real: 23.164 - Potencia predicha: -28.683904229388695
Potencia real: 22.855 - Potencia predicha: -58.57439850616878
Potencia real: 22.63 - Potencia predicha: 96.85735103152143
Potencia real: 22.586 - Potencia predicha: 215.40070433378895
Potencia real: 22.709 - Potencia predicha: 192.23492597297488
Potencia real: 22.771 - Potencia predicha: -185.7942076383926
Potencia real: 22.679000000000002 - Potencia predicha: 206.27257427136917
Potencia real: 22.596999999999998 - Potencia predicha: -164.12836620528202
Potencia real: 20.803 - Potencia predicha: 172.91147283884519
Potencia real: 20.811 - Potencia predicha: 250.71674535570597
Potencia real: 20.698 - Potencia predicha: 112.12406345642722
Potencia real: 20.811999999999998 - Potencia predicha: 20.54844988241456
Potencia real: 20.95 - Potencia predicha: 9.292858358902164
Potencia real: 20.604 - Potencia predicha: 94.6160254831469
Potencia real: 19.85 - Potencia predicha: 24.9103207868716
Potencia real: 19.999000000000002 - Potencia predicha: -73.56970443954003
Potencia real: 19.887999999999998 - Potencia predicha: 72.69239715096579
Potencia real: 20.308 - Potencia predicha: 42.98617647422624
Potencia real: 20.43 - Potencia predicha: -184.55707017291041
Potencia real: 20.105 - Potencia predicha: -364.73776528391346
Potencia real: 22.096 - Potencia predicha: 22.507605454445354
Potencia real: 22.053 - Potencia predicha: 238.95867350861587
Potencia real: 21.916999999999998 - Potencia predicha: 113.93534357983387
Potencia real: 22.308000000000003 - Potencia predicha: 192.83423387358476
Potencia real: 22.215999999999998 - Potencia predicha: 17.99038649525761
Potencia real: 22.226 - Potencia predicha: -13.839221524149723
Potencia real: 22.608 - Potencia predicha: 59.437418348882325
Potencia real: 22.84800000000001 - Potencia predicha: 15.434827712234538
Potencia real: 22.576 - Potencia predicha: 141.21979600360498
Potencia real: 22.726999999999997 - Potencia predicha: 60.244941005415384
Potencia real: 22.628 - Potencia predicha: -176.69227291259782
Potencia real: 22.81900000000001 - Potencia predicha: -117.44464428057245
Resultados para 04:00
Potencia real: 21.546999999999997 - Potencia predicha: 22.507605454445354
Potencia real: 21.428 - Potencia predicha: 238.95867350861587
Potencia real: 21.743000000000002 - Potencia predicha: 113.93534357983387
Potencia real: 21.438000000000002 - Potencia predicha: 192.83423387358476
Potencia real: 21.744 - Potencia predicha: 17.99038649525761
Potencia real: 21.691 - Potencia predicha: -13.839221524149723
Potencia real: 22.864 - Potencia predicha: 59.437418348882325
Potencia real: 22.81900000000001 - Potencia predicha: 15.434827712234538
Potencia real: 22.498 - Potencia predicha: 141.21979600360498
Potencia real: 22.895 - Potencia predicha: 60.244941005415384
Potencia real: 22.859 - Potencia predicha: -176.69227291259782
Potencia real: 22.875 - Potencia predicha: -117.44464428057245
Potencia real: 22.673000000000002 - Potencia predicha: -30.874245252129285
Potencia real: 22.83 - Potencia predicha: -38.55793814861809
Potencia real: 22.748 - Potencia predicha: -83.46841956309541
Potencia real: 22.575 - Potencia predicha: -85.64744745115419
Potencia real: 22.539 - Potencia predicha: -18.50019099173116
Potencia real: 22.46 - Potencia predicha: -151.80470284598047
Potencia real: 22.84800000000001 - Potencia predicha: 38.00543513375569
Potencia real: 22.99 - Potencia predicha: 31.26075209217708
Potencia real: 22.584 - Potencia predicha: 1.2233790412041312
Potencia real: 23.119 - Potencia predicha: -87.80209913464637
Potencia real: 22.82 - Potencia predicha: -28.683904229388695
Potencia real: 22.831999999999997 - Potencia predicha: -58.57439850616878
Potencia real: 22.474 - Potencia predicha: 96.85735103152143
Potencia real: 22.552 - Potencia predicha: 215.40070433378895
Potencia real: 22.609 - Potencia predicha: 192.23492597297488
Potencia real: 22.51 - Potencia predicha: -185.7942076383926
Potencia real: 22.455 - Potencia predicha: 206.27257427136917
Potencia real: 22.291 - Potencia predicha: -164.12836620528202
Potencia real: 20.774 - Potencia predicha: 172.91147283884519
Potencia real: 20.941 - Potencia predicha: 250.71674535570597
Potencia real: 20.689 - Potencia predicha: 112.12406345642722
Potencia real: 20.701 - Potencia predicha: 20.54844988241456
Potencia real: 20.898000000000003 - Potencia predicha: 9.292858358902164
Potencia real: 20.72 - Potencia predicha: 94.6160254831469
Potencia real: 19.887999999999998 - Potencia predicha: 24.9103207868716
Potencia real: 19.555999999999997 - Potencia predicha: -73.56970443954003
Potencia real: 19.635 - Potencia predicha: 72.69239715096579
Potencia real: 20.022000000000002 - Potencia predicha: 42.98617647422624
Potencia real: 19.997 - Potencia predicha: -184.55707017291041
Potencia real: 20.042 - Potencia predicha: -364.73776528391346
Potencia real: 21.84 - Potencia predicha: 22.507605454445354
Potencia real: 21.921 - Potencia predicha: 238.95867350861587
Potencia real: 21.995 - Potencia predicha: 113.93534357983387
Potencia real: 21.789 - Potencia predicha: 192.83423387358476
Potencia real: 22.064 - Potencia predicha: 17.99038649525761
Potencia real: 22.055999999999997 - Potencia predicha: -13.839221524149723
Potencia real: 22.86 - Potencia predicha: 59.437418348882325
Potencia real: 22.839000000000002 - Potencia predicha: 15.434827712234538
Potencia real: 22.721 - Potencia predicha: 141.21979600360498
Potencia real: 22.413 - Potencia predicha: 60.244941005415384
Potencia real: 22.399 - Potencia predicha: -176.69227291259782
Potencia real: 22.686 - Potencia predicha: -117.44464428057245
Resultados para 05:00
Potencia real: 21.451 - Potencia predicha: 22.507605454445354
Potencia real: 21.421999999999997 - Potencia predicha: 238.95867350861587
Potencia real: 21.445999999999998 - Potencia predicha: 113.93534357983387
Potencia real: 21.391 - Potencia predicha: 192.83423387358476
Potencia real: 21.301 - Potencia predicha: 17.99038649525761
Potencia real: 21.24 - Potencia predicha: -13.839221524149723
Potencia real: 23.233 - Potencia predicha: 59.437418348882325
Potencia real: 23.177 - Potencia predicha: 15.434827712234538
Potencia real: 22.976 - Potencia predicha: 141.21979600360498
Potencia real: 22.993000000000002 - Potencia predicha: 60.244941005415384
Potencia real: 23.256999999999998 - Potencia predicha: -176.69227291259782
Potencia real: 22.956 - Potencia predicha: -117.44464428057245
Potencia real: 23.146 - Potencia predicha: -30.874245252129285
Potencia real: 23.070999999999998 - Potencia predicha: -38.55793814861809
Potencia real: 22.875 - Potencia predicha: -83.46841956309541
Potencia real: 23.141 - Potencia predicha: -85.64744745115419
Potencia real: 22.835 - Potencia predicha: -18.50019099173116
Potencia real: 22.654 - Potencia predicha: -151.80470284598047
Potencia real: 23.564 - Potencia predicha: 38.00543513375569
Potencia real: 23.331 - Potencia predicha: 31.26075209217708
Potencia real: 23.285 - Potencia predicha: 1.2233790412041312
Potencia real: 23.34 - Potencia predicha: -87.80209913464637
Potencia real: 22.94 - Potencia predicha: -28.683904229388695
Potencia real: 22.838 - Potencia predicha: -58.57439850616878
Potencia real: 23.609 - Potencia predicha: 96.85735103152143
Potencia real: 23.206999999999997 - Potencia predicha: 215.40070433378895
Potencia real: 23.026999999999997 - Potencia predicha: 192.23492597297488
Potencia real: 22.785 - Potencia predicha: -185.7942076383926
Potencia real: 22.843000000000004 - Potencia predicha: 206.27257427136917
Potencia real: 22.730999999999998 - Potencia predicha: -164.12836620528202
Potencia real: 21.725 - Potencia predicha: 172.91147283884519
Potencia real: 21.535999999999998 - Potencia predicha: 250.71674535570597
Potencia real: 21.023000000000003 - Potencia predicha: 112.12406345642722
Potencia real: 21.345 - Potencia predicha: 20.54844988241456
Potencia real: 21.003 - Potencia predicha: 9.292858358902164
Potencia real: 20.906999999999996 - Potencia predicha: 94.6160254831469
Potencia real: 19.863 - Potencia predicha: 24.9103207868716
Potencia real: 19.879 - Potencia predicha: -73.56970443954003
Potencia real: 19.753 - Potencia predicha: 72.69239715096579
Potencia real: 19.985 - Potencia predicha: 42.98617647422624
Potencia real: 20.047 - Potencia predicha: -184.55707017291041
Potencia real: 19.729 - Potencia predicha: -364.73776528391346
Potencia real: 21.671999999999997 - Potencia predicha: 22.507605454445354
Potencia real: 21.858 - Potencia predicha: 238.95867350861587
Potencia real: 21.92 - Potencia predicha: 113.93534357983387
Potencia real: 21.807 - Potencia predicha: 192.83423387358476
Potencia real: 21.813000000000002 - Potencia predicha: 17.99038649525761
Potencia real: 21.835 - Potencia predicha: -13.839221524149723
Potencia real: 23.19400000000001 - Potencia predicha: 59.437418348882325
Potencia real: 23.320999999999998 - Potencia predicha: 15.434827712234538
Potencia real: 23.048000000000002 - Potencia predicha: 141.21979600360498
Potencia real: 22.924 - Potencia predicha: 60.244941005415384
Potencia real: 22.837 - Potencia predicha: -176.69227291259782
Potencia real: 22.468000000000004 - Potencia predicha: -117.44464428057245
Resultados para 06:00
Potencia real: 22.0 - Potencia predicha: 22.507605454445354
Potencia real: 21.871 - Potencia predicha: 238.95867350861587
Potencia real: 21.955 - Potencia predicha: 113.93534357983387
Potencia real: 21.646 - Potencia predicha: 192.83423387358476
Potencia real: 21.359 - Potencia predicha: 17.99038649525761
Potencia real: 21.151 - Potencia predicha: -13.839221524149723
Potencia real: 26.006999999999998 - Potencia predicha: 59.437418348882325
Potencia real: 25.561999999999998 - Potencia predicha: 15.434827712234538
Potencia real: 25.07 - Potencia predicha: 141.21979600360498
Potencia real: 25.034000000000002 - Potencia predicha: 60.244941005415384
Potencia real: 24.436 - Potencia predicha: -176.69227291259782
Potencia real: 23.715999999999998 - Potencia predicha: -117.44464428057245
Potencia real: 26.147 - Potencia predicha: -30.874245252129285
Potencia real: 25.52 - Potencia predicha: -38.55793814861809
Potencia real: 25.265 - Potencia predicha: -83.46841956309541
Potencia real: 24.837 - Potencia predicha: -85.64744745115419
Potencia real: 24.423000000000002 - Potencia predicha: -18.50019099173116
Potencia real: 23.351999999999997 - Potencia predicha: -151.80470284598047
Potencia real: 26.45300000000001 - Potencia predicha: 38.00543513375569
Potencia real: 25.705 - Potencia predicha: 31.26075209217708
Potencia real: 25.18 - Potencia predicha: 1.2233790412041312
Potencia real: 25.118000000000002 - Potencia predicha: -87.80209913464637
Potencia real: 24.671 - Potencia predicha: -28.683904229388695
Potencia real: 23.627 - Potencia predicha: -58.57439850616878
Potencia real: 24.663 - Potencia predicha: 96.85735103152143
Potencia real: 22.314 - Potencia predicha: 215.40070433378895
Potencia real: 25.991 - Potencia predicha: 192.23492597297488
Potencia real: 25.425 - Potencia predicha: -185.7942076383926
Potencia real: 24.941 - Potencia predicha: 206.27257427136917
Potencia real: 24.09800000000001 - Potencia predicha: -164.12836620528202
Potencia real: 25.191999999999997 - Potencia predicha: 172.91147283884519
Potencia real: 24.608 - Potencia predicha: 250.71674535570597
Potencia real: 24.171999999999997 - Potencia predicha: 112.12406345642722
Potencia real: 23.641 - Potencia predicha: 20.54844988241456
Potencia real: 23.351 - Potencia predicha: 9.292858358902164
Potencia real: 22.318 - Potencia predicha: 94.6160254831469
Potencia real: 20.287 - Potencia predicha: 24.9103207868716
Potencia real: 20.27 - Potencia predicha: -73.56970443954003
Potencia real: 20.191 - Potencia predicha: 72.69239715096579
Potencia real: 19.944000000000006 - Potencia predicha: 42.98617647422624
Potencia real: 20.009 - Potencia predicha: -184.55707017291041
Potencia real: 19.675 - Potencia predicha: -364.73776528391346
Potencia real: 21.3 - Potencia predicha: 22.507605454445354
Potencia real: 22.523000000000003 - Potencia predicha: 238.95867350861587
Potencia real: 22.406999999999996 - Potencia predicha: 113.93534357983387
Potencia real: 22.09 - Potencia predicha: 192.83423387358476
Potencia real: 21.802 - Potencia predicha: 17.99038649525761
Potencia real: 21.77 - Potencia predicha: -13.839221524149723
Potencia real: 26.055999999999997 - Potencia predicha: 59.437418348882325
Potencia real: 25.186999999999998 - Potencia predicha: 15.434827712234538
Potencia real: 24.861 - Potencia predicha: 141.21979600360498
Potencia real: 24.594 - Potencia predicha: 60.244941005415384
Potencia real: 24.101999999999997 - Potencia predicha: -176.69227291259782
Potencia real: 23.737 - Potencia predicha: -117.44464428057245
Resultados para 07:00
Potencia real: 23.272 - Potencia predicha: 22.507605454445354
Potencia real: 22.930999999999997 - Potencia predicha: 238.95867350861587
Potencia real: 22.930999999999997 - Potencia predicha: 113.93534357983387
Potencia real: 22.851999999999997 - Potencia predicha: 192.83423387358476
Potencia real: 22.666 - Potencia predicha: 17.99038649525761
Potencia real: 22.065 - Potencia predicha: -13.839221524149723
Potencia real: 29.964000000000002 - Potencia predicha: 59.437418348882325
Potencia real: 29.54300000000001 - Potencia predicha: 15.434827712234538
Potencia real: 29.095 - Potencia predicha: 141.21979600360498
Potencia real: 28.29300000000001 - Potencia predicha: 60.244941005415384
Potencia real: 27.912 - Potencia predicha: -176.69227291259782
Potencia real: 26.58 - Potencia predicha: -117.44464428057245
Potencia real: 29.592 - Potencia predicha: -30.874245252129285
Potencia real: 29.62 - Potencia predicha: -38.55793814861809
Potencia real: 28.627 - Potencia predicha: -83.46841956309541
Potencia real: 28.496 - Potencia predicha: -85.64744745115419
Potencia real: 27.728 - Potencia predicha: -18.50019099173116
Potencia real: 26.631 - Potencia predicha: -151.80470284598047
Potencia real: 30.493000000000002 - Potencia predicha: 38.00543513375569
Potencia real: 29.924 - Potencia predicha: 31.26075209217708
Potencia real: 29.358 - Potencia predicha: 1.2233790412041312
Potencia real: 28.965999999999998 - Potencia predicha: -87.80209913464637
Potencia real: 28.149 - Potencia predicha: -28.683904229388695
Potencia real: 27.02 - Potencia predicha: -58.57439850616878
Potencia real: 30.017 - Potencia predicha: 96.85735103152143
Potencia real: 29.604 - Potencia predicha: 215.40070433378895
Potencia real: 29.151 - Potencia predicha: 192.23492597297488
Potencia real: 28.568 - Potencia predicha: -185.7942076383926
Potencia real: 28.022 - Potencia predicha: 206.27257427136917
Potencia real: 26.31 - Potencia predicha: -164.12836620528202
Potencia real: 29.145 - Potencia predicha: 172.91147283884519
Potencia real: 28.459 - Potencia predicha: 250.71674535570597
Potencia real: 27.756999999999998 - Potencia predicha: 112.12406345642722
Potencia real: 27.322 - Potencia predicha: 20.54844988241456
Potencia real: 26.908 - Potencia predicha: 9.292858358902164
Potencia real: 25.768 - Potencia predicha: 94.6160254831469
Potencia real: 20.703000000000007 - Potencia predicha: 24.9103207868716
Potencia real: 20.945 - Potencia predicha: -73.56970443954003
Potencia real: 20.575 - Potencia predicha: 72.69239715096579
Potencia real: 20.531999999999996 - Potencia predicha: 42.98617647422624
Potencia real: 20.493000000000002 - Potencia predicha: -184.55707017291041
Potencia real: 20.237000000000002 - Potencia predicha: -364.73776528391346
Potencia real: 23.82800000000001 - Potencia predicha: 22.507605454445354
Potencia real: 23.573 - Potencia predicha: 238.95867350861587
Potencia real: 23.419 - Potencia predicha: 113.93534357983387
Potencia real: 23.112 - Potencia predicha: 192.83423387358476
Potencia real: 23.284000000000002 - Potencia predicha: 17.99038649525761
Potencia real: 21.974 - Potencia predicha: -13.839221524149723
Potencia real: 29.592 - Potencia predicha: 59.437418348882325
Potencia real: 29.32 - Potencia predicha: 15.434827712234538
Potencia real: 28.835 - Potencia predicha: 141.21979600360498
Potencia real: 28.371 - Potencia predicha: 60.244941005415384
Potencia real: 27.686 - Potencia predicha: -176.69227291259782
Potencia real: 26.673000000000002 - Potencia predicha: -117.44464428057245
Resultados para 08:00
Potencia real: 30.794 - Potencia predicha: 59.437418348882325
Potencia real: 30.987 - Potencia predicha: 15.434827712234538
Potencia real: 30.9 - Potencia predicha: 141.21979600360498
Potencia real: 31.142 - Potencia predicha: 60.244941005415384
Potencia real: 30.818 - Potencia predicha: -176.69227291259782
Potencia real: 30.252 - Potencia predicha: -117.44464428057245
Potencia real: 30.763 - Potencia predicha: -30.874245252129285
Potencia real: 30.924 - Potencia predicha: -38.55793814861809
Potencia real: 31.094 - Potencia predicha: -83.46841956309541
Potencia real: 31.005 - Potencia predicha: -85.64744745115419
Potencia real: 30.83 - Potencia predicha: -18.50019099173116
Potencia real: 29.866 - Potencia predicha: -151.80470284598047
Potencia real: 31.22 - Potencia predicha: 38.00543513375569
Potencia real: 31.171999999999997 - Potencia predicha: 31.26075209217708
Potencia real: 31.500999999999998 - Potencia predicha: 1.2233790412041312
Potencia real: 31.386999999999997 - Potencia predicha: -87.80209913464637
Potencia real: 31.234 - Potencia predicha: -28.683904229388695
Potencia real: 30.50800000000001 - Potencia predicha: -58.57439850616878
Potencia real: 31.05 - Potencia predicha: 96.85735103152143
Potencia real: 30.801 - Potencia predicha: 215.40070433378895
Potencia real: 31.072 - Potencia predicha: 192.23492597297488
Potencia real: 31.125999999999998 - Potencia predicha: -185.7942076383926
Potencia real: 30.837 - Potencia predicha: 206.27257427136917
Potencia real: 30.03 - Potencia predicha: -164.12836620528202
Potencia real: 30.112 - Potencia predicha: 172.91147283884519
Potencia real: 30.291999999999998 - Potencia predicha: 250.71674535570597
Potencia real: 30.3 - Potencia predicha: 112.12406345642722
Potencia real: 30.487 - Potencia predicha: 20.54844988241456
Potencia real: 30.003 - Potencia predicha: 9.292858358902164
Potencia real: 29.267 - Potencia predicha: 94.6160254831469
Potencia real: 21.128 - Potencia predicha: 24.9103207868716
Potencia real: 20.67 - Potencia predicha: -73.56970443954003
Potencia real: 20.811 - Potencia predicha: 72.69239715096579
Potencia real: 21.079 - Potencia predicha: 42.98617647422624
Potencia real: 21.17 - Potencia predicha: -184.55707017291041
Potencia real: 21.283 - Potencia predicha: -364.73776528391346
Potencia real: 24.811999999999998 - Potencia predicha: 22.507605454445354
Potencia real: 24.61 - Potencia predicha: 238.95867350861587
Potencia real: 24.198 - Potencia predicha: 113.93534357983387
Potencia real: 24.445999999999998 - Potencia predicha: 192.83423387358476
Potencia real: 24.406999999999996 - Potencia predicha: 17.99038649525761
Potencia real: 23.526 - Potencia predicha: -13.839221524149723
Potencia real: 30.558000000000003 - Potencia predicha: 59.437418348882325
Potencia real: 30.682 - Potencia predicha: 15.434827712234538
Potencia real: 30.66 - Potencia predicha: 141.21979600360498
Potencia real: 30.697 - Potencia predicha: 60.244941005415384
Potencia real: 30.429000000000002 - Potencia predicha: -176.69227291259782
Potencia real: 29.854 - Potencia predicha: -117.44464428057245
Resultados para 09:00
Potencia real: 31.182 - Potencia predicha: 59.437418348882325
Potencia real: 31.176 - Potencia predicha: 15.434827712234538
Potencia real: 31.125999999999998 - Potencia predicha: 141.21979600360498
Potencia real: 30.947 - Potencia predicha: 60.244941005415384
Potencia real: 30.958000000000002 - Potencia predicha: -176.69227291259782
Potencia real: 30.93 - Potencia predicha: -117.44464428057245
Potencia real: 30.936999999999998 - Potencia predicha: -30.874245252129285
Potencia real: 30.935 - Potencia predicha: -38.55793814861809
Potencia real: 31.086 - Potencia predicha: -83.46841956309541
Potencia real: 30.835 - Potencia predicha: -85.64744745115419
Potencia real: 30.925 - Potencia predicha: -18.50019099173116
Potencia real: 30.425 - Potencia predicha: -151.80470284598047
Potencia real: 31.683000000000003 - Potencia predicha: 38.00543513375569
Potencia real: 31.886999999999997 - Potencia predicha: 31.26075209217708
Potencia real: 31.805 - Potencia predicha: 1.2233790412041312
Potencia real: 31.366 - Potencia predicha: -87.80209913464637
Potencia real: 31.291999999999998 - Potencia predicha: -28.683904229388695
Potencia real: 31.386999999999997 - Potencia predicha: -58.57439850616878
Potencia real: 31.405 - Potencia predicha: 96.85735103152143
Potencia real: 31.32 - Potencia predicha: 215.40070433378895
Potencia real: 31.294 - Potencia predicha: 192.23492597297488
Potencia real: 31.465 - Potencia predicha: -185.7942076383926
Potencia real: 31.16 - Potencia predicha: 206.27257427136917
Potencia real: 30.869 - Potencia predicha: -164.12836620528202
Potencia real: 31.11 - Potencia predicha: 172.91147283884519
Potencia real: 31.057 - Potencia predicha: 250.71674535570597
Potencia real: 31.066999999999997 - Potencia predicha: 112.12406345642722
Potencia real: 30.905 - Potencia predicha: 20.54844988241456
Potencia real: 30.63300000000001 - Potencia predicha: 9.292858358902164
Potencia real: 30.601 - Potencia predicha: 94.6160254831469
Potencia real: 23.09 - Potencia predicha: 24.9103207868716
Potencia real: 22.734 - Potencia predicha: -73.56970443954003
Potencia real: 22.342 - Potencia predicha: 72.69239715096579
Potencia real: 22.023000000000003 - Potencia predicha: 42.98617647422624
Potencia real: 21.954 - Potencia predicha: -184.55707017291041
Potencia real: 21.296999999999997 - Potencia predicha: -364.73776528391346
Potencia real: 27.090999999999998 - Potencia predicha: 22.507605454445354
Potencia real: 26.947 - Potencia predicha: 238.95867350861587
Potencia real: 26.163 - Potencia predicha: 113.93534357983387
Potencia real: 25.647 - Potencia predicha: 192.83423387358476
Potencia real: 25.534000000000002 - Potencia predicha: 17.99038649525761
Potencia real: 25.182 - Potencia predicha: -13.839221524149723
Potencia real: 31.14 - Potencia predicha: 59.437418348882325
Potencia real: 31.075 - Potencia predicha: 15.434827712234538
Potencia real: 30.9 - Potencia predicha: 141.21979600360498
Potencia real: 30.724 - Potencia predicha: 60.244941005415384
Potencia real: 30.662 - Potencia predicha: -176.69227291259782
Potencia real: 30.48 - Potencia predicha: -117.44464428057245
Resultados para 10:00
Potencia real: 31.116999999999997 - Potencia predicha: 59.437418348882325
Potencia real: 30.955 - Potencia predicha: 15.434827712234538
Potencia real: 31.183000000000003 - Potencia predicha: 141.21979600360498
Potencia real: 31.087 - Potencia predicha: 60.244941005415384
Potencia real: 31.184 - Potencia predicha: -176.69227291259782
Potencia real: 31.151999999999997 - Potencia predicha: -117.44464428057245
Potencia real: 31.02 - Potencia predicha: -30.874245252129285
Potencia real: 31.051 - Potencia predicha: -38.55793814861809
Potencia real: 31.139 - Potencia predicha: -83.46841956309541
Potencia real: 30.905 - Potencia predicha: -85.64744745115419
Potencia real: 31.318 - Potencia predicha: -18.50019099173116
Potencia real: 30.974 - Potencia predicha: -151.80470284598047
Potencia real: 31.701999999999998 - Potencia predicha: 38.00543513375569
Potencia real: 31.406 - Potencia predicha: 31.26075209217708
Potencia real: 31.752 - Potencia predicha: 1.2233790412041312
Potencia real: 31.732 - Potencia predicha: -87.80209913464637
Potencia real: 31.889 - Potencia predicha: -28.683904229388695
Potencia real: 31.75 - Potencia predicha: -58.57439850616878
Potencia real: 31.717 - Potencia predicha: 96.85735103152143
Potencia real: 31.634 - Potencia predicha: 215.40070433378895
Potencia real: 31.381 - Potencia predicha: 192.23492597297488
Potencia real: 31.592 - Potencia predicha: -185.7942076383926
Potencia real: 31.485 - Potencia predicha: 206.27257427136917
Potencia real: 31.414 - Potencia predicha: -164.12836620528202
Potencia real: 31.255 - Potencia predicha: 172.91147283884519
Potencia real: 31.09800000000001 - Potencia predicha: 250.71674535570597
Potencia real: 31.228 - Potencia predicha: 112.12406345642722
Potencia real: 31.08 - Potencia predicha: 20.54844988241456
Potencia real: 31.014 - Potencia predicha: 9.292858358902164
Potencia real: 31.005 - Potencia predicha: 94.6160254831469
Potencia real: 24.095 - Potencia predicha: 24.9103207868716
Potencia real: 24.052 - Potencia predicha: -73.56970443954003
Potencia real: 23.934 - Potencia predicha: 72.69239715096579
Potencia real: 23.81 - Potencia predicha: 42.98617647422624
Potencia real: 23.38 - Potencia predicha: -184.55707017291041
Potencia real: 23.279 - Potencia predicha: -364.73776528391346
Potencia real: 27.967 - Potencia predicha: 22.507605454445354
Potencia real: 28.031999999999996 - Potencia predicha: 238.95867350861587
Potencia real: 28.011999999999997 - Potencia predicha: 113.93534357983387
Potencia real: 28.07800000000001 - Potencia predicha: 192.83423387358476
Potencia real: 27.66800000000001 - Potencia predicha: 17.99038649525761
Potencia real: 27.296999999999997 - Potencia predicha: -13.839221524149723
Potencia real: 31.531999999999996 - Potencia predicha: 59.437418348882325
Potencia real: 31.47300000000001 - Potencia predicha: 15.434827712234538
Potencia real: 31.268 - Potencia predicha: 141.21979600360498
Potencia real: 31.281 - Potencia predicha: 60.244941005415384
Potencia real: 31.173000000000002 - Potencia predicha: -176.69227291259782
Potencia real: 31.369 - Potencia predicha: -117.44464428057245
Resultados para 11:00
Potencia real: 31.489 - Potencia predicha: 59.437418348882325
Potencia real: 31.247 - Potencia predicha: 15.434827712234538
Potencia real: 31.264 - Potencia predicha: 141.21979600360498
Potencia real: 31.061999999999998 - Potencia predicha: 60.244941005415384
Potencia real: 31.16800000000001 - Potencia predicha: -176.69227291259782
Potencia real: 31.175 - Potencia predicha: -117.44464428057245
Potencia real: 31.252 - Potencia predicha: -30.874245252129285
Potencia real: 31.221999999999998 - Potencia predicha: -38.55793814861809
Potencia real: 31.189 - Potencia predicha: -83.46841956309541
Potencia real: 31.022 - Potencia predicha: -85.64744745115419
Potencia real: 31.051 - Potencia predicha: -18.50019099173116
Potencia real: 31.085 - Potencia predicha: -151.80470284598047
Potencia real: 32.077 - Potencia predicha: 38.00543513375569
Potencia real: 32.041 - Potencia predicha: 31.26075209217708
Potencia real: 31.843000000000004 - Potencia predicha: 1.2233790412041312
Potencia real: 31.978 - Potencia predicha: -87.80209913464637
Potencia real: 31.691 - Potencia predicha: -28.683904229388695
Potencia real: 31.66 - Potencia predicha: -58.57439850616878
Potencia real: 31.954 - Potencia predicha: 96.85735103152143
Potencia real: 31.616999999999997 - Potencia predicha: 215.40070433378895
Potencia real: 31.603 - Potencia predicha: 192.23492597297488
Potencia real: 31.576 - Potencia predicha: -185.7942076383926
Potencia real: 31.421 - Potencia predicha: 206.27257427136917
Potencia real: 31.345 - Potencia predicha: -164.12836620528202
Potencia real: 31.215999999999998 - Potencia predicha: 172.91147283884519
Potencia real: 30.954 - Potencia predicha: 250.71674535570597
Potencia real: 30.253 - Potencia predicha: 112.12406345642722
Potencia real: 31.709 - Potencia predicha: 20.54844988241456
Potencia real: 31.371 - Potencia predicha: 9.292858358902164
Potencia real: 31.122 - Potencia predicha: 94.6160254831469
Potencia real: 24.523000000000003 - Potencia predicha: 24.9103207868716
Potencia real: 24.511 - Potencia predicha: -73.56970443954003
Potencia real: 24.651 - Potencia predicha: 72.69239715096579
Potencia real: 24.548000000000002 - Potencia predicha: 42.98617647422624
Potencia real: 24.603 - Potencia predicha: -184.55707017291041
Potencia real: 24.156999999999996 - Potencia predicha: -364.73776528391346
Potencia real: 28.1 - Potencia predicha: 22.507605454445354
Potencia real: 27.698 - Potencia predicha: 238.95867350861587
Potencia real: 26.475 - Potencia predicha: 113.93534357983387
Potencia real: 27.962 - Potencia predicha: 192.83423387358476
Potencia real: 27.98 - Potencia predicha: 17.99038649525761
Potencia real: 28.021 - Potencia predicha: -13.839221524149723
Potencia real: 31.831999999999997 - Potencia predicha: 59.437418348882325
Potencia real: 31.795 - Potencia predicha: 15.434827712234538
Potencia real: 31.579 - Potencia predicha: 141.21979600360498
Potencia real: 31.373 - Potencia predicha: 60.244941005415384
Potencia real: 31.575 - Potencia predicha: -176.69227291259782
Potencia real: 31.609 - Potencia predicha: -117.44464428057245
Resultados para 12:00
Potencia real: 32.106 - Potencia predicha: 59.437418348882325
Potencia real: 31.877 - Potencia predicha: 15.434827712234538
Potencia real: 31.881 - Potencia predicha: 141.21979600360498
Potencia real: 31.706 - Potencia predicha: 60.244941005415384
Potencia real: 31.618000000000002 - Potencia predicha: -176.69227291259782
Potencia real: 31.451999999999998 - Potencia predicha: -117.44464428057245
Potencia real: 31.934 - Potencia predicha: -30.874245252129285
Potencia real: 31.732 - Potencia predicha: -38.55793814861809
Potencia real: 31.697 - Potencia predicha: -83.46841956309541
Potencia real: 31.666 - Potencia predicha: -85.64744745115419
Potencia real: 31.488000000000003 - Potencia predicha: -18.50019099173116
Potencia real: 31.439 - Potencia predicha: -151.80470284598047
Potencia real: 32.218 - Potencia predicha: 38.00543513375569
Potencia real: 32.005 - Potencia predicha: 31.26075209217708
Potencia real: 32.415 - Potencia predicha: 1.2233790412041312
Potencia real: 32.314 - Potencia predicha: -87.80209913464637
Potencia real: 32.295 - Potencia predicha: -28.683904229388695
Potencia real: 32.298 - Potencia predicha: -58.57439850616878
Potencia real: 32.161 - Potencia predicha: 96.85735103152143
Potencia real: 32.101 - Potencia predicha: 215.40070433378895
Potencia real: 31.789 - Potencia predicha: 192.23492597297488
Potencia real: 31.916999999999998 - Potencia predicha: -185.7942076383926
Potencia real: 31.909000000000002 - Potencia predicha: 206.27257427136917
Potencia real: 31.557 - Potencia predicha: -164.12836620528202
Potencia real: 31.839000000000002 - Potencia predicha: 172.91147283884519
Potencia real: 31.750999999999998 - Potencia predicha: 250.71674535570597
Potencia real: 31.494 - Potencia predicha: 112.12406345642722
Potencia real: 31.701 - Potencia predicha: 20.54844988241456
Potencia real: 31.618000000000002 - Potencia predicha: 9.292858358902164
Potencia real: 31.572 - Potencia predicha: 94.6160254831469
Potencia real: 24.928 - Potencia predicha: 24.9103207868716
Potencia real: 24.81900000000001 - Potencia predicha: -73.56970443954003
Potencia real: 24.799 - Potencia predicha: 72.69239715096579
Potencia real: 24.835 - Potencia predicha: 42.98617647422624
Potencia real: 24.73 - Potencia predicha: -184.55707017291041
Potencia real: 24.781 - Potencia predicha: -364.73776528391346
Potencia real: 27.936999999999998 - Potencia predicha: 22.507605454445354
Potencia real: 27.945999999999998 - Potencia predicha: 238.95867350861587
Potencia real: 28.268 - Potencia predicha: 113.93534357983387
Potencia real: 27.693 - Potencia predicha: 192.83423387358476
Potencia real: 28.294 - Potencia predicha: 17.99038649525761
Potencia real: 28.108 - Potencia predicha: -13.839221524149723
Potencia real: 31.864 - Potencia predicha: 59.437418348882325
Potencia real: 31.75 - Potencia predicha: 15.434827712234538
Potencia real: 31.951 - Potencia predicha: 141.21979600360498
Potencia real: 31.906 - Potencia predicha: 60.244941005415384
Potencia real: 31.761 - Potencia predicha: -176.69227291259782
Potencia real: 31.818 - Potencia predicha: -117.44464428057245
Resultados para 13:00
Potencia real: 31.67 - Potencia predicha: 59.437418348882325
Potencia real: 31.846 - Potencia predicha: 15.434827712234538
Potencia real: 32.31 - Potencia predicha: 141.21979600360498
Potencia real: 31.026 - Potencia predicha: 60.244941005415384
Potencia real: 30.784000000000002 - Potencia predicha: -176.69227291259782
Potencia real: 31.863000000000003 - Potencia predicha: -117.44464428057245
Potencia real: 31.641 - Potencia predicha: -30.874245252129285
Potencia real: 31.732 - Potencia predicha: -38.55793814861809
Potencia real: 31.815 - Potencia predicha: -83.46841956309541
Potencia real: 31.971999999999998 - Potencia predicha: -85.64744745115419
Potencia real: 32.089 - Potencia predicha: -18.50019099173116
Potencia real: 31.886999999999997 - Potencia predicha: -151.80470284598047
Potencia real: 32.094 - Potencia predicha: 38.00543513375569
Potencia real: 31.498 - Potencia predicha: 31.26075209217708
Potencia real: 31.366 - Potencia predicha: 1.2233790412041312
Potencia real: 32.208 - Potencia predicha: -87.80209913464637
Potencia real: 32.436 - Potencia predicha: -28.683904229388695
Potencia real: 32.43 - Potencia predicha: -58.57439850616878
Potencia real: 31.954 - Potencia predicha: 96.85735103152143
Potencia real: 31.623 - Potencia predicha: 215.40070433378895
Potencia real: 31.919 - Potencia predicha: 192.23492597297488
Potencia real: 32.183 - Potencia predicha: -185.7942076383926
Potencia real: 31.97 - Potencia predicha: 206.27257427136917
Potencia real: 32.046 - Potencia predicha: -164.12836620528202
Potencia real: 31.054000000000002 - Potencia predicha: 172.91147283884519
Potencia real: 31.454 - Potencia predicha: 250.71674535570597
Potencia real: 31.622 - Potencia predicha: 112.12406345642722
Potencia real: 31.741 - Potencia predicha: 20.54844988241456
Potencia real: 31.528000000000002 - Potencia predicha: 9.292858358902164
Potencia real: 31.695 - Potencia predicha: 94.6160254831469
Potencia real: 25.186999999999998 - Potencia predicha: 24.9103207868716
Potencia real: 25.2 - Potencia predicha: -73.56970443954003
Potencia real: 25.114 - Potencia predicha: 72.69239715096579
Potencia real: 24.79300000000001 - Potencia predicha: 42.98617647422624
Potencia real: 24.796 - Potencia predicha: -184.55707017291041
Potencia real: 24.784000000000002 - Potencia predicha: -364.73776528391346
Potencia real: 27.835 - Potencia predicha: 22.507605454445354
Potencia real: 28.07 - Potencia predicha: 238.95867350861587
Potencia real: 28.053 - Potencia predicha: 113.93534357983387
Potencia real: 27.956 - Potencia predicha: 192.83423387358476
Potencia real: 28.316999999999997 - Potencia predicha: 17.99038649525761
Potencia real: 28.156 - Potencia predicha: -13.839221524149723
Potencia real: 31.711 - Potencia predicha: 59.437418348882325
Potencia real: 31.994 - Potencia predicha: 15.434827712234538
Potencia real: 32.031 - Potencia predicha: 141.21979600360498
Potencia real: 32.258 - Potencia predicha: 60.244941005415384
Potencia real: 32.056999999999995 - Potencia predicha: -176.69227291259782
Potencia real: 31.933000000000003 - Potencia predicha: -117.44464428057245
Resultados para 14:00
Potencia real: 30.063000000000002 - Potencia predicha: 59.437418348882325
Potencia real: 30.289 - Potencia predicha: 15.434827712234538
Potencia real: 31.198 - Potencia predicha: 141.21979600360498
Potencia real: 31.331999999999997 - Potencia predicha: 60.244941005415384
Potencia real: 31.397 - Potencia predicha: -176.69227291259782
Potencia real: 31.441 - Potencia predicha: -117.44464428057245
Potencia real: 30.721 - Potencia predicha: -30.874245252129285
Potencia real: 30.872 - Potencia predicha: -38.55793814861809
Potencia real: 31.058000000000003 - Potencia predicha: -83.46841956309541
Potencia real: 31.090999999999998 - Potencia predicha: -85.64744745115419
Potencia real: 31.276 - Potencia predicha: -18.50019099173116
Potencia real: 31.392 - Potencia predicha: -151.80470284598047
Potencia real: 30.934 - Potencia predicha: 38.00543513375569
Potencia real: 31.06 - Potencia predicha: 31.26075209217708
Potencia real: 31.288 - Potencia predicha: 1.2233790412041312
Potencia real: 31.386999999999997 - Potencia predicha: -87.80209913464637
Potencia real: 31.135 - Potencia predicha: -28.683904229388695
Potencia real: 31.538 - Potencia predicha: -58.57439850616878
Potencia real: 30.336 - Potencia predicha: 96.85735103152143
Potencia real: 30.621 - Potencia predicha: 215.40070433378895
Potencia real: 30.701 - Potencia predicha: 192.23492597297488
Potencia real: 30.846 - Potencia predicha: -185.7942076383926
Potencia real: 31.156 - Potencia predicha: 206.27257427136917
Potencia real: 31.218000000000004 - Potencia predicha: -164.12836620528202
Potencia real: 29.881999999999998 - Potencia predicha: 172.91147283884519
Potencia real: 30.083000000000002 - Potencia predicha: 250.71674535570597
Potencia real: 30.221 - Potencia predicha: 112.12406345642722
Potencia real: 30.783 - Potencia predicha: 20.54844988241456
Potencia real: 30.607 - Potencia predicha: 9.292858358902164
Potencia real: 30.674 - Potencia predicha: 94.6160254831469
Potencia real: 24.579 - Potencia predicha: 24.9103207868716
Potencia real: 24.947 - Potencia predicha: -73.56970443954003
Potencia real: 24.749000000000002 - Potencia predicha: 72.69239715096579
Potencia real: 25.254 - Potencia predicha: 42.98617647422624
Potencia real: 25.264 - Potencia predicha: -184.55707017291041
Potencia real: 25.038 - Potencia predicha: -364.73776528391346
Potencia real: 26.268 - Potencia predicha: 22.507605454445354
Potencia real: 26.54300000000001 - Potencia predicha: 238.95867350861587
Potencia real: 27.055999999999997 - Potencia predicha: 113.93534357983387
Potencia real: 27.245 - Potencia predicha: 192.83423387358476
Potencia real: 27.377 - Potencia predicha: 17.99038649525761
Potencia real: 27.623 - Potencia predicha: -13.839221524149723
Potencia real: 30.278000000000002 - Potencia predicha: 59.437418348882325
Potencia real: 30.47300000000001 - Potencia predicha: 15.434827712234538
Potencia real: 30.752 - Potencia predicha: 141.21979600360498
Potencia real: 30.811 - Potencia predicha: 60.244941005415384
Potencia real: 30.743000000000002 - Potencia predicha: -176.69227291259782
Potencia real: 31.22300000000001 - Potencia predicha: -117.44464428057245
Resultados para 15:00
Potencia real: 29.68 - Potencia predicha: 59.437418348882325
Potencia real: 29.576 - Potencia predicha: 15.434827712234538
Potencia real: 30.385 - Potencia predicha: 141.21979600360498
Potencia real: 30.729 - Potencia predicha: 60.244941005415384
Potencia real: 29.653000000000002 - Potencia predicha: -176.69227291259782
Potencia real: 30.173000000000002 - Potencia predicha: -117.44464428057245
Potencia real: 30.259 - Potencia predicha: -30.874245252129285
Potencia real: 30.406999999999996 - Potencia predicha: -38.55793814861809
Potencia real: 30.273000000000003 - Potencia predicha: -83.46841956309541
Potencia real: 30.539 - Potencia predicha: -85.64744745115419
Potencia real: 30.248 - Potencia predicha: -18.50019099173116
Potencia real: 30.56900000000001 - Potencia predicha: -151.80470284598047
Potencia real: 30.441 - Potencia predicha: 38.00543513375569
Potencia real: 30.658 - Potencia predicha: 31.26075209217708
Potencia real: 30.655 - Potencia predicha: 1.2233790412041312
Potencia real: 30.693 - Potencia predicha: -87.80209913464637
Potencia real: 30.596999999999998 - Potencia predicha: -28.683904229388695
Potencia real: 30.767 - Potencia predicha: -58.57439850616878
Potencia real: 30.331 - Potencia predicha: 96.85735103152143
Potencia real: 29.994 - Potencia predicha: 215.40070433378895
Potencia real: 30.238000000000003 - Potencia predicha: 192.23492597297488
Potencia real: 30.129 - Potencia predicha: -185.7942076383926
Potencia real: 30.487 - Potencia predicha: 206.27257427136917
Potencia real: 30.31900000000001 - Potencia predicha: -164.12836620528202
Potencia real: 29.551 - Potencia predicha: 172.91147283884519
Potencia real: 29.555 - Potencia predicha: 250.71674535570597
Potencia real: 29.699 - Potencia predicha: 112.12406345642722
Potencia real: 29.709 - Potencia predicha: 20.54844988241456
Potencia real: 30.021 - Potencia predicha: 9.292858358902164
Potencia real: 30.094 - Potencia predicha: 94.6160254831469
Potencia real: 23.177 - Potencia predicha: 24.9103207868716
Potencia real: 23.528000000000002 - Potencia predicha: -73.56970443954003
Potencia real: 23.551 - Potencia predicha: 72.69239715096579
Potencia real: 23.721999999999998 - Potencia predicha: 42.98617647422624
Potencia real: 24.248 - Potencia predicha: -184.55707017291041
Potencia real: 24.14 - Potencia predicha: -364.73776528391346
Potencia real: 25.061 - Potencia predicha: 22.507605454445354
Potencia real: 25.521 - Potencia predicha: 238.95867350861587
Potencia real: 25.65 - Potencia predicha: 113.93534357983387
Potencia real: 25.836 - Potencia predicha: 192.83423387358476
Potencia real: 26.125 - Potencia predicha: 17.99038649525761
Potencia real: 26.225 - Potencia predicha: -13.839221524149723
Potencia real: 29.764 - Potencia predicha: 59.437418348882325
Potencia real: 29.851 - Potencia predicha: 15.434827712234538
Potencia real: 29.72300000000001 - Potencia predicha: 141.21979600360498
Potencia real: 30.253 - Potencia predicha: 60.244941005415384
Potencia real: 30.241999999999997 - Potencia predicha: -176.69227291259782
Potencia real: 30.20300000000001 - Potencia predicha: -117.44464428057245
Resultados para 16:00
Potencia real: 29.428 - Potencia predicha: 59.437418348882325
Potencia real: 29.44400000000001 - Potencia predicha: 15.434827712234538
Potencia real: 29.658 - Potencia predicha: 141.21979600360498
Potencia real: 29.531999999999996 - Potencia predicha: 60.244941005415384
Potencia real: 29.807 - Potencia predicha: -176.69227291259782
Potencia real: 29.614 - Potencia predicha: -117.44464428057245
Potencia real: 30.189 - Potencia predicha: -30.874245252129285
Potencia real: 30.315 - Potencia predicha: -38.55793814861809
Potencia real: 30.491999999999997 - Potencia predicha: -83.46841956309541
Potencia real: 30.445999999999998 - Potencia predicha: -85.64744745115419
Potencia real: 30.374000000000002 - Potencia predicha: -18.50019099173116
Potencia real: 30.197 - Potencia predicha: -151.80470284598047
Potencia real: 30.462 - Potencia predicha: 38.00543513375569
Potencia real: 30.581 - Potencia predicha: 31.26075209217708
Potencia real: 30.305 - Potencia predicha: 1.2233790412041312
Potencia real: 30.41 - Potencia predicha: -87.80209913464637
Potencia real: 30.642 - Potencia predicha: -28.683904229388695
Potencia real: 30.055 - Potencia predicha: -58.57439850616878
Potencia real: 29.932 - Potencia predicha: 96.85735103152143
Potencia real: 29.975 - Potencia predicha: 215.40070433378895
Potencia real: 30.1 - Potencia predicha: 192.23492597297488
Potencia real: 30.266 - Potencia predicha: -185.7942076383926
Potencia real: 30.059 - Potencia predicha: 206.27257427136917
Potencia real: 30.381999999999998 - Potencia predicha: -164.12836620528202
Potencia real: 29.585 - Potencia predicha: 172.91147283884519
Potencia real: 29.375999999999998 - Potencia predicha: 250.71674535570597
Potencia real: 29.515 - Potencia predicha: 112.12406345642722
Potencia real: 29.493000000000002 - Potencia predicha: 20.54844988241456
Potencia real: 29.6 - Potencia predicha: 9.292858358902164
Potencia real: 29.531999999999996 - Potencia predicha: 94.6160254831469
Potencia real: 24.18 - Potencia predicha: 24.9103207868716
Potencia real: 22.725 - Potencia predicha: -73.56970443954003
Potencia real: 22.822 - Potencia predicha: 72.69239715096579
Potencia real: 22.928 - Potencia predicha: 42.98617647422624
Potencia real: 23.147 - Potencia predicha: -184.55707017291041
Potencia real: 23.218000000000004 - Potencia predicha: -364.73776528391346
Potencia real: 24.801 - Potencia predicha: 22.507605454445354
Potencia real: 24.61 - Potencia predicha: 238.95867350861587
Potencia real: 24.888 - Potencia predicha: 113.93534357983387
Potencia real: 24.823 - Potencia predicha: 192.83423387358476
Potencia real: 25.131999999999998 - Potencia predicha: 17.99038649525761
Potencia real: 25.1 - Potencia predicha: -13.839221524149723
Potencia real: 29.581 - Potencia predicha: 59.437418348882325
Potencia real: 29.711 - Potencia predicha: 15.434827712234538
Potencia real: 29.631 - Potencia predicha: 141.21979600360498
Potencia real: 29.861 - Potencia predicha: 60.244941005415384
Potencia real: 29.761999999999997 - Potencia predicha: -176.69227291259782
Potencia real: 29.665 - Potencia predicha: -117.44464428057245
Resultados para 17:00
Potencia real: 29.522 - Potencia predicha: 59.437418348882325
Potencia real: 29.625 - Potencia predicha: 15.434827712234538
Potencia real: 29.517 - Potencia predicha: 141.21979600360498
Potencia real: 29.406999999999996 - Potencia predicha: 60.244941005415384
Potencia real: 29.730999999999998 - Potencia predicha: -176.69227291259782
Potencia real: 29.796 - Potencia predicha: -117.44464428057245
Potencia real: 30.16 - Potencia predicha: -30.874245252129285
Potencia real: 30.155 - Potencia predicha: -38.55793814861809
Potencia real: 30.127 - Potencia predicha: -83.46841956309541
Potencia real: 30.445999999999998 - Potencia predicha: -85.64744745115419
Potencia real: 30.561999999999998 - Potencia predicha: -18.50019099173116
Potencia real: 30.372 - Potencia predicha: -151.80470284598047
Potencia real: 29.945999999999998 - Potencia predicha: 38.00543513375569
Potencia real: 30.336 - Potencia predicha: 31.26075209217708
Potencia real: 30.607 - Potencia predicha: 1.2233790412041312
Potencia real: 30.273000000000003 - Potencia predicha: -87.80209913464637
Potencia real: 30.488000000000003 - Potencia predicha: -28.683904229388695
Potencia real: 30.644000000000002 - Potencia predicha: -58.57439850616878
Potencia real: 30.07800000000001 - Potencia predicha: 96.85735103152143
Potencia real: 29.864 - Potencia predicha: 215.40070433378895
Potencia real: 30.090999999999998 - Potencia predicha: 192.23492597297488
Potencia real: 30.051 - Potencia predicha: -185.7942076383926
Potencia real: 30.16800000000001 - Potencia predicha: 206.27257427136917
Potencia real: 30.248 - Potencia predicha: -164.12836620528202
Potencia real: 29.197 - Potencia predicha: 172.91147283884519
Potencia real: 29.355999999999998 - Potencia predicha: 250.71674535570597
Potencia real: 29.464000000000002 - Potencia predicha: 112.12406345642722
Potencia real: 29.391 - Potencia predicha: 20.54844988241456
Potencia real: 29.369 - Potencia predicha: 9.292858358902164
Potencia real: 29.406999999999996 - Potencia predicha: 94.6160254831469
Potencia real: 22.903000000000002 - Potencia predicha: 24.9103207868716
Potencia real: 22.773000000000003 - Potencia predicha: -73.56970443954003
Potencia real: 22.701 - Potencia predicha: 72.69239715096579
Potencia real: 22.885 - Potencia predicha: 42.98617647422624
Potencia real: 22.745 - Potencia predicha: -184.55707017291041
Potencia real: 22.724 - Potencia predicha: -364.73776528391346
Potencia real: 24.675 - Potencia predicha: 22.507605454445354
Potencia real: 24.314 - Potencia predicha: 238.95867350861587
Potencia real: 24.624000000000002 - Potencia predicha: 113.93534357983387
Potencia real: 24.872 - Potencia predicha: 192.83423387358476
Potencia real: 25.291 - Potencia predicha: 17.99038649525761
Potencia real: 27.998 - Potencia predicha: -13.839221524149723
Potencia real: 29.531 - Potencia predicha: 59.437418348882325
Potencia real: 29.613000000000003 - Potencia predicha: 15.434827712234538
Potencia real: 29.386 - Potencia predicha: 141.21979600360498
Potencia real: 29.533 - Potencia predicha: 60.244941005415384
Potencia real: 29.714000000000002 - Potencia predicha: -176.69227291259782
Potencia real: 29.388 - Potencia predicha: -117.44464428057245
Resultados para 18:00
Potencia real: 29.545 - Potencia predicha: 59.437418348882325
Potencia real: 29.122 - Potencia predicha: 15.434827712234538
Potencia real: 29.308000000000003 - Potencia predicha: 141.21979600360498
Potencia real: 29.143 - Potencia predicha: 60.244941005415384
Potencia real: 29.31 - Potencia predicha: -176.69227291259782
Potencia real: 29.355999999999998 - Potencia predicha: -117.44464428057245
Potencia real: 30.405 - Potencia predicha: -30.874245252129285
Potencia real: 30.537 - Potencia predicha: -38.55793814861809
Potencia real: 30.094 - Potencia predicha: -83.46841956309541
Potencia real: 30.06900000000001 - Potencia predicha: -85.64744745115419
Potencia real: 30.250999999999998 - Potencia predicha: -18.50019099173116
Potencia real: 30.171999999999997 - Potencia predicha: -151.80470284598047
Potencia real: 30.959 - Potencia predicha: 38.00543513375569
Potencia real: 30.51 - Potencia predicha: 31.26075209217708
Potencia real: 30.38 - Potencia predicha: 1.2233790412041312
Potencia real: 30.316999999999997 - Potencia predicha: -87.80209913464637
Potencia real: 30.173000000000002 - Potencia predicha: -28.683904229388695
Potencia real: 30.225 - Potencia predicha: -58.57439850616878
Potencia real: 32.513000000000005 - Potencia predicha: 96.85735103152143
Potencia real: 31.075 - Potencia predicha: 215.40070433378895
Potencia real: 30.581 - Potencia predicha: 192.23492597297488
Potencia real: 30.379 - Potencia predicha: -185.7942076383926
Potencia real: 30.288 - Potencia predicha: 206.27257427136917
Potencia real: 29.88300000000001 - Potencia predicha: -164.12836620528202
Potencia real: 29.502 - Potencia predicha: 172.91147283884519
Potencia real: 29.408 - Potencia predicha: 250.71674535570597
Potencia real: 29.674 - Potencia predicha: 112.12406345642722
Potencia real: 29.447 - Potencia predicha: 20.54844988241456
Potencia real: 30.342 - Potencia predicha: 9.292858358902164
Potencia real: 29.09800000000001 - Potencia predicha: 94.6160254831469
Potencia real: 23.484 - Potencia predicha: 24.9103207868716
Potencia real: 23.31 - Potencia predicha: -73.56970443954003
Potencia real: 23.345 - Potencia predicha: 72.69239715096579
Potencia real: 22.998 - Potencia predicha: 42.98617647422624
Potencia real: 23.148000000000003 - Potencia predicha: -184.55707017291041
Potencia real: 22.766 - Potencia predicha: -364.73776528391346
Potencia real: 24.912 - Potencia predicha: 22.507605454445354
Potencia real: 24.708000000000002 - Potencia predicha: 238.95867350861587
Potencia real: 24.69 - Potencia predicha: 113.93534357983387
Potencia real: 24.804000000000002 - Potencia predicha: 192.83423387358476
Potencia real: 24.820999999999998 - Potencia predicha: 17.99038649525761
Potencia real: 24.834 - Potencia predicha: -13.839221524149723
Potencia real: 29.228 - Potencia predicha: 59.437418348882325
Potencia real: 29.316999999999997 - Potencia predicha: 15.434827712234538
Potencia real: 29.252 - Potencia predicha: 141.21979600360498
Potencia real: 28.945999999999998 - Potencia predicha: 60.244941005415384
Potencia real: 29.24 - Potencia predicha: -176.69227291259782
Potencia real: 29.123 - Potencia predicha: -117.44464428057245
Resultados para 19:00
Potencia real: 32.095 - Potencia predicha: 138.37559605991527
Potencia real: 32.23 - Potencia predicha: 10.297566038295884
Potencia real: 31.561999999999998 - Potencia predicha: -63.414641822833865
Potencia real: 31.119 - Potencia predicha: 162.44298035678503
Potencia real: 30.52 - Potencia predicha: 87.21162803876486
Potencia real: 29.691999999999997 - Potencia predicha: -5.043447462940691
Potencia real: 33.279 - Potencia predicha: -107.51847894195278
Potencia real: 33.205 - Potencia predicha: 249.09954314896322
Potencia real: 32.416 - Potencia predicha: -92.1951873913482
Potencia real: 31.324 - Potencia predicha: -100.9580901555856
Potencia real: 30.855 - Potencia predicha: 218.78099256589167
Potencia real: 30.436 - Potencia predicha: 93.34076104725953
Potencia real: 33.738 - Potencia predicha: -194.54417793192692
Potencia real: 33.471 - Potencia predicha: 78.23408324440507
Potencia real: 33.012 - Potencia predicha: -3.3206747123207236
Potencia real: 32.283 - Potencia predicha: -42.74185793245019
Potencia real: 31.829 - Potencia predicha: 6.036546634454254
Potencia real: 31.179000000000002 - Potencia predicha: -40.26184633698233
Potencia real: 33.601 - Potencia predicha: 197.8469071787182
Potencia real: 33.626 - Potencia predicha: 211.06223668586887
Potencia real: 33.679 - Potencia predicha: 33.327648330660736
Potencia real: 33.341 - Potencia predicha: 245.44461676628924
Potencia real: 33.224000000000004 - Potencia predicha: -46.454679827382385
Potencia real: 33.019 - Potencia predicha: -49.45853912388674
Potencia real: 32.328 - Potencia predicha: 129.95020232986107
Potencia real: 31.599 - Potencia predicha: 64.41496801373907
Potencia real: 31.17 - Potencia predicha: 134.4789174483869
Potencia real: 30.52 - Potencia predicha: 65.7622222025915
Potencia real: 29.837 - Potencia predicha: 13.859831032444362
Potencia real: 29.65 - Potencia predicha: -54.909267769383774
Potencia real: 27.206999999999997 - Potencia predicha: -140.76501654589765
Potencia real: 26.599 - Potencia predicha: 128.07288721831156
Potencia real: 26.392 - Potencia predicha: 53.53962728652871
Potencia real: 24.958000000000002 - Potencia predicha: -8.949132551590964
Potencia real: 24.59800000000001 - Potencia predicha: -21.498167758458386
Potencia real: 23.715 - Potencia predicha: 222.64328649029756
Potencia real: 27.526 - Potencia predicha: -31.51966052160401
Potencia real: 27.174 - Potencia predicha: -223.02372377319296
Potencia real: 26.201999999999998 - Potencia predicha: -80.79122364779228
Potencia real: 25.879 - Potencia predicha: -77.76113077240012
Potencia real: 25.482 - Potencia predicha: 4.257350025425353
Potencia real: 25.141 - Potencia predicha: 71.5901069198255
Potencia real: 31.6 - Potencia predicha: 138.37559605991527
Potencia real: 30.954 - Potencia predicha: 10.297566038295884
Potencia real: 30.344 - Potencia predicha: -63.414641822833865
Potencia real: 30.09800000000001 - Potencia predicha: 162.44298035678503
Potencia real: 29.678 - Potencia predicha: 87.21162803876486
Potencia real: 29.436 - Potencia predicha: -5.043447462940691
Resultados para 20:00
Potencia real: 31.846999999999998 - Potencia predicha: 138.37559605991527
Potencia real: 31.987 - Potencia predicha: 10.297566038295884
Potencia real: 32.064 - Potencia predicha: -63.414641822833865
Potencia real: 32.114000000000004 - Potencia predicha: 162.44298035678503
Potencia real: 31.853 - Potencia predicha: 87.21162803876486
Potencia real: 32.066 - Potencia predicha: -5.043447462940691
Potencia real: 32.881 - Potencia predicha: -107.51847894195278
Potencia real: 33.595 - Potencia predicha: 249.09954314896322
Potencia real: 33.541 - Potencia predicha: -92.1951873913482
Potencia real: 33.648 - Potencia predicha: -100.9580901555856
Potencia real: 33.593 - Potencia predicha: 218.78099256589167
Potencia real: 33.143 - Potencia predicha: 93.34076104725953
Potencia real: 33.283 - Potencia predicha: -194.54417793192692
Potencia real: 33.376999999999995 - Potencia predicha: 78.23408324440507
Potencia real: 33.436 - Potencia predicha: -3.3206747123207236
Potencia real: 33.542 - Potencia predicha: -42.74185793245019
Potencia real: 33.4 - Potencia predicha: 6.036546634454254
Potencia real: 33.650999999999996 - Potencia predicha: -40.26184633698233
Potencia real: 33.538000000000004 - Potencia predicha: 197.8469071787182
Potencia real: 30.006999999999998 - Potencia predicha: 211.06223668586887
Potencia real: 31.581 - Potencia predicha: 33.327648330660736
Potencia real: 30.315 - Potencia predicha: 245.44461676628924
Potencia real: 30.316 - Potencia predicha: -46.454679827382385
Potencia real: 31.331999999999997 - Potencia predicha: -49.45853912388674
Potencia real: 32.975 - Potencia predicha: 129.95020232986107
Potencia real: 33.001999999999995 - Potencia predicha: 64.41496801373907
Potencia real: 33.025999999999996 - Potencia predicha: 134.4789174483869
Potencia real: 33.083 - Potencia predicha: 65.7622222025915
Potencia real: 32.716 - Potencia predicha: 13.859831032444362
Potencia real: 32.564 - Potencia predicha: -54.909267769383774
Potencia real: 27.767 - Potencia predicha: -140.76501654589765
Potencia real: 28.021 - Potencia predicha: 128.07288721831156
Potencia real: 27.711 - Potencia predicha: 53.53962728652871
Potencia real: 27.654 - Potencia predicha: -8.949132551590964
Potencia real: 25.69400000000001 - Potencia predicha: -21.498167758458386
Potencia real: 22.44400000000001 - Potencia predicha: 222.64328649029756
Potencia real: 28.554000000000002 - Potencia predicha: -31.51966052160401
Potencia real: 28.318 - Potencia predicha: -223.02372377319296
Potencia real: 28.295 - Potencia predicha: -80.79122364779228
Potencia real: 28.136999999999997 - Potencia predicha: -77.76113077240012
Potencia real: 28.048000000000002 - Potencia predicha: 4.257350025425353
Potencia real: 28.04300000000001 - Potencia predicha: 71.5901069198255
Potencia real: 32.016999999999996 - Potencia predicha: 138.37559605991527
Potencia real: 32.113 - Potencia predicha: 10.297566038295884
Potencia real: 31.845 - Potencia predicha: -63.414641822833865
Potencia real: 32.109 - Potencia predicha: 162.44298035678503
Potencia real: 32.077 - Potencia predicha: 87.21162803876486
Potencia real: 32.086 - Potencia predicha: -5.043447462940691
Resultados para 21:00
Potencia real: 29.943 - Potencia predicha: 138.37559605991527
Potencia real: 30.570999999999998 - Potencia predicha: 10.297566038295884
Potencia real: 31.201 - Potencia predicha: -63.414641822833865
Potencia real: 31.351999999999997 - Potencia predicha: 162.44298035678503
Potencia real: 31.237 - Potencia predicha: 87.21162803876486
Potencia real: 31.846999999999998 - Potencia predicha: -5.043447462940691
Potencia real: 31.403000000000002 - Potencia predicha: -107.51847894195278
Potencia real: 31.674 - Potencia predicha: 249.09954314896322
Potencia real: 32.443000000000005 - Potencia predicha: -92.1951873913482
Potencia real: 32.99 - Potencia predicha: -100.9580901555856
Potencia real: 33.169000000000004 - Potencia predicha: 218.78099256589167
Potencia real: 32.881 - Potencia predicha: 93.34076104725953
Potencia real: 31.656999999999996 - Potencia predicha: -194.54417793192692
Potencia real: 32.229 - Potencia predicha: 78.23408324440507
Potencia real: 32.27 - Potencia predicha: -3.3206747123207236
Potencia real: 33.189 - Potencia predicha: -42.74185793245019
Potencia real: 33.283 - Potencia predicha: 6.036546634454254
Potencia real: 33.376999999999995 - Potencia predicha: -40.26184633698233
Potencia real: 31.53 - Potencia predicha: 197.8469071787182
Potencia real: 31.901 - Potencia predicha: 211.06223668586887
Potencia real: 32.714 - Potencia predicha: 33.327648330660736
Potencia real: 33.007 - Potencia predicha: 245.44461676628924
Potencia real: 33.343 - Potencia predicha: -46.454679827382385
Potencia real: 33.15 - Potencia predicha: -49.45853912388674
Potencia real: 31.101999999999997 - Potencia predicha: 129.95020232986107
Potencia real: 31.651 - Potencia predicha: 64.41496801373907
Potencia real: 32.215 - Potencia predicha: 134.4789174483869
Potencia real: 32.696 - Potencia predicha: 65.7622222025915
Potencia real: 32.856 - Potencia predicha: 13.859831032444362
Potencia real: 32.608000000000004 - Potencia predicha: -54.909267769383774
Potencia real: 27.488000000000003 - Potencia predicha: -140.76501654589765
Potencia real: 27.625999999999998 - Potencia predicha: 128.07288721831156
Potencia real: 27.70300000000001 - Potencia predicha: 53.53962728652871
Potencia real: 28.017 - Potencia predicha: -8.949132551590964
Potencia real: 28.049 - Potencia predicha: -21.498167758458386
Potencia real: 27.929000000000002 - Potencia predicha: 222.64328649029756
Potencia real: 27.421999999999997 - Potencia predicha: -31.51966052160401
Potencia real: 27.979 - Potencia predicha: -223.02372377319296
Potencia real: 28.058000000000003 - Potencia predicha: -80.79122364779228
Potencia real: 28.089000000000002 - Potencia predicha: -77.76113077240012
Potencia real: 28.355 - Potencia predicha: 4.257350025425353
Potencia real: 28.180999999999997 - Potencia predicha: 71.5901069198255
Potencia real: 30.51 - Potencia predicha: 138.37559605991527
Potencia real: 30.873 - Potencia predicha: 10.297566038295884
Potencia real: 31.182 - Potencia predicha: -63.414641822833865
Potencia real: 31.497 - Potencia predicha: 162.44298035678503
Potencia real: 31.846 - Potencia predicha: 87.21162803876486
Potencia real: 31.791 - Potencia predicha: -5.043447462940691
Resultados para 22:00
Potencia real: 27.436999999999998 - Potencia predicha: 138.37559605991527
Potencia real: 27.862 - Potencia predicha: 10.297566038295884
Potencia real: 28.162 - Potencia predicha: -63.414641822833865
Potencia real: 28.322 - Potencia predicha: 162.44298035678503
Potencia real: 29.041 - Potencia predicha: 87.21162803876486
Potencia real: 29.618000000000002 - Potencia predicha: -5.043447462940691
Potencia real: 28.219 - Potencia predicha: -107.51847894195278
Potencia real: 29.00800000000001 - Potencia predicha: 249.09954314896322
Potencia real: 29.156 - Potencia predicha: -92.1951873913482
Potencia real: 29.892 - Potencia predicha: -100.9580901555856
Potencia real: 29.967 - Potencia predicha: 218.78099256589167
Potencia real: 30.631999999999998 - Potencia predicha: 93.34076104725953
Potencia real: 28.551 - Potencia predicha: -194.54417793192692
Potencia real: 28.94 - Potencia predicha: 78.23408324440507
Potencia real: 29.024 - Potencia predicha: -3.3206747123207236
Potencia real: 29.943 - Potencia predicha: -42.74185793245019
Potencia real: 30.232 - Potencia predicha: 6.036546634454254
Potencia real: 30.686 - Potencia predicha: -40.26184633698233
Potencia real: 28.59 - Potencia predicha: 197.8469071787182
Potencia real: 28.945999999999998 - Potencia predicha: 211.06223668586887
Potencia real: 29.397 - Potencia predicha: 33.327648330660736
Potencia real: 29.901 - Potencia predicha: 245.44461676628924
Potencia real: 30.092 - Potencia predicha: -46.454679827382385
Potencia real: 30.726 - Potencia predicha: -49.45853912388674
Potencia real: 28.113000000000003 - Potencia predicha: 129.95020232986107
Potencia real: 28.445 - Potencia predicha: 64.41496801373907
Potencia real: 28.665 - Potencia predicha: 134.4789174483869
Potencia real: 29.416 - Potencia predicha: 65.7622222025915
Potencia real: 29.949 - Potencia predicha: 13.859831032444362
Potencia real: 30.358 - Potencia predicha: -54.909267769383774
Potencia real: 25.695 - Potencia predicha: -140.76501654589765
Potencia real: 25.923000000000002 - Potencia predicha: 128.07288721831156
Potencia real: 26.271 - Potencia predicha: 53.53962728652871
Potencia real: 26.54300000000001 - Potencia predicha: -8.949132551590964
Potencia real: 26.928 - Potencia predicha: -21.498167758458386
Potencia real: 26.987 - Potencia predicha: 222.64328649029756
Potencia real: 25.70300000000001 - Potencia predicha: -31.51966052160401
Potencia real: 25.726999999999997 - Potencia predicha: -223.02372377319296
Potencia real: 26.112 - Potencia predicha: -80.79122364779228
Potencia real: 26.185 - Potencia predicha: -77.76113077240012
Potencia real: 26.745 - Potencia predicha: 4.257350025425353
Potencia real: 27.256999999999998 - Potencia predicha: 71.5901069198255
Potencia real: 27.688000000000002 - Potencia predicha: 138.37559605991527
Potencia real: 27.936 - Potencia predicha: 10.297566038295884
Potencia real: 28.57 - Potencia predicha: -63.414641822833865
Potencia real: 29.000999999999998 - Potencia predicha: 162.44298035678503
Potencia real: 29.441 - Potencia predicha: 87.21162803876486
Potencia real: 29.915 - Potencia predicha: -5.043447462940691
Resultados para 23:00
Potencia real: 25.589000000000002 - Potencia predicha: 138.37559605991527
Potencia real: 25.57800000000001 - Potencia predicha: 10.297566038295884
Potencia real: 26.013 - Potencia predicha: -63.414641822833865
Potencia real: 26.429000000000002 - Potencia predicha: 162.44298035678503
Potencia real: 26.546 - Potencia predicha: 87.21162803876486
Potencia real: 27.083000000000002 - Potencia predicha: -5.043447462940691
Potencia real: 25.978 - Potencia predicha: -107.51847894195278
Potencia real: 26.467 - Potencia predicha: 249.09954314896322
Potencia real: 26.974 - Potencia predicha: -92.1951873913482
Potencia real: 27.180999999999997 - Potencia predicha: -100.9580901555856
Potencia real: 27.68 - Potencia predicha: 218.78099256589167
Potencia real: 27.75800000000001 - Potencia predicha: 93.34076104725953
Potencia real: 26.27 - Potencia predicha: -194.54417793192692
Potencia real: 26.409000000000002 - Potencia predicha: 78.23408324440507
Potencia real: 26.513 - Potencia predicha: -3.3206747123207236
Potencia real: 27.055 - Potencia predicha: -42.74185793245019
Potencia real: 27.638 - Potencia predicha: 6.036546634454254
Potencia real: 28.052 - Potencia predicha: -40.26184633698233
Potencia real: 25.980999999999998 - Potencia predicha: 197.8469071787182
Potencia real: 26.551 - Potencia predicha: 211.06223668586887
Potencia real: 26.746 - Potencia predicha: 33.327648330660736
Potencia real: 27.244 - Potencia predicha: 245.44461676628924
Potencia real: 27.56900000000001 - Potencia predicha: -46.454679827382385
Potencia real: 27.795 - Potencia predicha: -49.45853912388674
Potencia real: 25.654 - Potencia predicha: 129.95020232986107
Potencia real: 26.166999999999998 - Potencia predicha: 64.41496801373907
Potencia real: 26.57800000000001 - Potencia predicha: 134.4789174483869
Potencia real: 26.744 - Potencia predicha: 65.7622222025915
Potencia real: 27.183000000000003 - Potencia predicha: 13.859831032444362
Potencia real: 27.388 - Potencia predicha: -54.909267769383774
Potencia real: 23.844 - Potencia predicha: -140.76501654589765
Potencia real: 24.284000000000002 - Potencia predicha: 128.07288721831156
Potencia real: 24.519000000000002 - Potencia predicha: 53.53962728652871
Potencia real: 24.717 - Potencia predicha: -8.949132551590964
Potencia real: 25.113000000000003 - Potencia predicha: -21.498167758458386
Potencia real: 24.991 - Potencia predicha: 222.64328649029756
Potencia real: 24.029 - Potencia predicha: -31.51966052160401
Potencia real: 24.115 - Potencia predicha: -223.02372377319296
Potencia real: 24.531999999999996 - Potencia predicha: -80.79122364779228
Potencia real: 24.648000000000003 - Potencia predicha: -77.76113077240012
Potencia real: 25.079 - Potencia predicha: 4.257350025425353
Potencia real: 25.351 - Potencia predicha: 71.5901069198255
Potencia real: 25.776 - Potencia predicha: 138.37559605991527
Potencia real: 26.149 - Potencia predicha: 10.297566038295884
Potencia real: 26.415 - Potencia predicha: -63.414641822833865
Potencia real: 26.772 - Potencia predicha: 162.44298035678503
Potencia real: 27.288 - Potencia predicha: 87.21162803876486
Potencia real: 27.44 - Potencia predicha: -5.043447462940691
